ID,Height,Weight,Age
252,178.0,66.0,30.0
253,177.0,65.0,23.0
254,170.0,57.0,25.0
256,178.0,61.0,31.0
440,169.0,62.0,19.0
555,176.0,68.0,20.0
556,183.0,72.0,25.0
606,182.0,77.0,25.0
616,163.0,51.0,27.0
770,182.0,82.0,24.0
809,183.0,67.0,27.0
863,165.0,59.0,20.0
887,183.0,75.0,24.0
897,181.0,66.0,27.0
926,177.0,70.0,24.0
936,162.0,65.0,24.0
1014,167.0,68.0,28.0
1182,174.0,64.0,23.0
1246,168.0,62.0,32.0
1326,196.0,72.0,24.0
1338,182.0,67.0,24.0
1368,175.0,65.0,21.0
1390,169.0,65.0,23.0
1491,178.0,68.0,25.0
1697,175.0,58.0,33.0
1705,168.0,62.0,18.0
1735,185.0,79.0,23.0
1775,185.0,75.0,34.0
1779,180.0,75.0,23.0
1803,180.0,72.0,24.0
1833,190.0,98.0,23.0
1836,180.0,70.0,19.0
1870,160.0,59.0,27.0
1913,160.0,54.0,31.0
1942,178.0,72.0,25.0
1971,180.0,85.0,23.0
1995,195.0,110.0,27.0
2014,183.0,76.0,24.0
2059,171.0,64.0,33.0
2090,163.0,60.0,36.0
2095,173.0,63.0,23.0
2121,187.0,85.0,28.0
2133,167.0,60.0,27.0
2188,170.0,70.0,22.0
2192,185.0,65.0,23.0
2396,170.0,57.0,23.0
2467,180.0,81.0,26.0
2680,168.0,63.0,20.0
2680,168.0,63.0,20.0
2896,185.0,80.0,28.0
3011,182.0,70.0,28.0
3051,183.0,70.0,26.0
3114,168.0,57.0,30.0
3162,171.0,57.0,28.0
3390,180.0,70.0,21.0
3392,181.0,76.0,25.0
3407,185.0,68.0,19.0
3434,185.0,71.0,26.0
3548,185.0,77.0,23.0
3647,181.0,71.0,21.0
3716,182.0,65.0,23.0
4038,180.0,73.0,34.0
4067,172.0,72.0,26.0
4115,189.0,76.0,26.0
4171,198.0,93.0,32.0
4248,171.0,60.0,26.0
4311,178.0,64.0,27.0
4386,180.0,78.0,26.0
4566,177.0,68.0,33.0
4617,167.0,63.0,26.0
4755,165.0,51.0,30.0
4815,190.0,87.0,31.0
4874,178.0,64.0,26.0
4900,169.0,76.0,29.0
5006,165.0,60.0,19.0
5034,155.0,55.0,21.0
5394,172.0,67.0,24.0
5442,190.0,75.0,25.0
5524,173.0,59.0,29.0
5539,185.0,68.0,27.0
5638,178.0,62.0,21.0
5639,171.0,58.0,28.0
5685,165.0,51.0,23.0
5760,187.0,75.0,25.0
5814,173.0,60.0,25.0
5975,180.0,82.0,32.0
6165,182.0,75.0,24.0
6373,181.0,65.0,24.0
6688,190.0,82.0,20.0
6804,185.0,80.0,19.0
6905,193.0,82.0,23.0
6918,169.0,65.0,30.0
6998,185.0,68.0,20.0
7182,175.0,68.0,25.0
7254,185.0,82.0,30.0
7532,201.0,80.0,21.0
7563,190.0,100.0,23.0
7771,184.0,68.0,23.0
7771,184.0,68.0,27.0
7773,159.0,56.0,27.0
7791,180.0,75.0,24.0
8092,183.0,70.0,24.0
8143,194.0,94.0,21.0
8152,178.0,60.0,21.0
8450,176.0,76.0,29.0
8463,190.0,77.0,22.0
8533,176.0,74.0,26.0
8647,170.0,59.0,19.0
8828,170.0,68.0,27.0
8895,189.0,79.0,22.0
9280,167.0,62.0,23.0
9337,188.0,120.0,22.0
9379,198.0,80.0,28.0
9416,196.0,94.0,27.0
9519,170.0,63.0,27.0
9559,173.0,64.0,25.0
9634,191.0,77.0,20.0
9644,183.0,77.0,27.0
9671,180.0,64.0,24.0
9844,184.0,71.0,25.0
9954,176.0,68.0,25.0
10127,178.0,69.0,20.0
10447,182.0,63.0,24.0
10508,180.0,84.0,25.0
10785,180.0,67.0,27.0
10798,180.0,66.0,29.0
10864,187.0,88.0,31.0
11067,194.0,84.0,29.0
11143,195.0,135.0,33.0
11247,185.0,72.0,25.0
11487,185.0,75.0,31.0
11543,202.0,140.0,34.0
11713,189.0,71.0,23.0
12140,170.0,62.0,27.0
12164,178.0,64.0,27.0
12322,178.0,75.0,27.0
12476,177.0,75.0,27.0
12717,191.0,115.0,28.0
12720,164.0,56.0,33.0
12726,184.0,72.0,21.0
12837,189.0,82.0,22.0
12857,176.0,67.0,30.0
12861,178.0,73.0,28.0
13056,183.0,75.0,27.0
13058,177.0,70.0,19.0
13162,180.0,76.0,26.0
13404,178.0,63.0,25.0
13495,194.0,120.0,30.0
13496,191.0,87.0,26.0
13542,180.0,72.0,22.0
13544,180.0,67.0,28.0
13597,182.0,95.0,27.0
13634,174.0,59.0,25.0
13769,173.0,74.0,23.0
13804,189.0,66.0,22.0
14112,175.0,58.0,25.0
14247,186.0,60.0,25.0
14316,183.0,76.0,25.0
14350,178.0,69.0,27.0
14495,188.0,80.0,21.0
14560,175.0,74.0,25.0
14599,168.0,64.0,26.0
14606,175.0,63.0,27.0
14700,179.0,61.0,27.0
14786,199.0,88.0,28.0
14940,175.0,70.0,22.0
15109,185.0,77.0,21.0
15543,175.0,57.0,25.0
15609,178.0,66.0,29.0
15671,183.0,69.0,25.0
15704,176.0,61.0,24.0
15869,173.0,67.0,29.0
15907,194.0,88.0,34.0
15973,197.0,78.0,26.0
16033,186.0,78.0,27.0
16086,185.0,77.5,23.0
16128,186.0,79.0,26.0
16221,182.0,70.0,25.0
16239,183.0,74.0,25.0
16296,183.0,100.0,32.0
16350,180.0,73.0,23.0
16363,184.0,64.0,23.0
16399,189.0,81.0,30.0
16407,177.0,75.0,25.0
16415,164.0,63.0,24.0
16415,164.0,63.0,28.0
16469,178.0,61.0,21.0
16598,180.0,78.0,34.0
16721,183.0,82.0,25.0
16876,182.0,64.0,21.0
17075,165.0,63.0,28.0
17236,181.0,78.0,20.0
17356,186.0,80.0,24.0
17385,173.0,49.0,25.0
17385,173.0,49.0,29.0
17548,176.0,62.0,33.0
17782,174.0,64.0,25.0
18515,170.0,57.0,28.0
18656,178.0,70.0,22.0
18683,196.0,93.0,19.0
18734,180.0,65.0,21.0
18740,188.0,79.0,18.0
18741,187.0,117.0,21.0
19011,198.0,73.0,25.0
19528,187.0,90.0,27.0
20016,177.0,69.0,24.0
20078,178.0,100.0,29.0
20094,180.0,77.0,30.0
20119,176.0,73.0,22.0
20415,183.0,75.0,31.0
20770,186.0,70.0,31.0
20851,202.0,93.0,25.0
20972,162.0,55.0,21.0
21249,186.0,125.0,28.0
21313,189.0,94.0,36.0
21714,172.0,68.0,23.0
21714,172.0,68.0,31.0
21881,183.0,72.0,27.0
21920,188.0,71.0,36.0
21939,185.0,73.0,25.0
22135,180.0,65.0,25.0
22227,186.0,79.0,29.0
22429,173.0,70.0,23.0
22468,180.0,77.0,20.0
22522,180.0,65.0,19.0
22868,183.0,68.0,28.0
22901,173.0,62.0,37.0
22919,173.0,66.0,20.0
22961,178.0,58.0,26.0
23022,175.0,62.0,32.0
23084,186.0,78.0,21.0
23084,186.0,78.0,29.0
23099,180.0,72.0,21.0
23154,172.0,58.0,27.0
23341,195.0,116.0,21.0
23357,181.0,69.0,23.0
23509,165.0,59.0,28.0
23546,188.0,91.0,27.0
23546,188.0,91.0,31.0
23642,180.0,60.0,28.0
23902,182.0,69.0,22.0
23923,173.0,67.0,24.0
24075,177.0,68.0,26.0
24160,165.0,57.0,22.0
24194,193.0,83.0,27.0
24321,175.0,68.0,27.0
24497,178.0,69.0,20.0
24567,188.0,72.0,25.0
24708,178.0,74.0,20.0
24722,179.0,65.0,25.0
24733,173.0,60.0,35.0
24926,182.0,67.0,27.0
25096,173.0,61.0,26.0
25113,185.0,79.0,28.0
25190,188.0,75.0,23.0
25223,172.0,59.0,24.0
25233,191.0,74.0,24.0
25370,190.0,80.0,24.0
25431,187.0,88.0,28.0
25623,178.0,69.0,24.0
25779,170.0,64.0,26.0
25870,180.0,85.0,22.0
26107,186.0,72.0,25.0
26192,175.0,66.0,27.0
26370,191.0,73.0,23.0
26444,180.0,70.0,27.0
26449,180.0,78.0,27.0
26449,180.0,78.0,27.0
26685,181.0,64.0,27.0
26882,174.0,61.0,25.0
26937,174.0,66.0,23.0
27104,163.0,62.0,20.0
27175,172.0,77.0,28.0
27254,175.0,62.0,21.0
27313,184.0,77.0,24.0
27414,200.0,84.0,25.0
27666,175.0,65.0,28.0
27734,173.0,69.0,25.0
27966,183.0,76.0,32.0
28026,183.0,63.0,26.0
28120,180.0,70.0,31.0
28148,178.0,78.0,23.0
28266,168.0,67.0,36.0
28359,183.0,86.0,28.0
28369,175.0,54.0,28.0
28377,183.0,70.0,22.0
28454,178.0,74.0,22.0
28600,175.0,77.0,29.0
28622,180.0,70.0,23.0
28624,183.0,81.0,29.0
28763,186.0,81.0,26.0
28776,179.0,79.0,23.0
29063,186.0,75.0,32.0
29075,183.0,120.0,26.0
29144,185.0,78.0,21.0
29191,192.0,84.0,30.0
29206,188.0,83.0,24.0
29335,183.0,74.0,25.0
29366,180.0,74.0,23.0
29372,170.0,55.0,29.0
29498,185.0,77.0,25.0
29498,185.0,77.0,32.0
29568,186.0,69.0,32.0
29594,175.0,65.0,27.0
29712,172.0,76.0,25.0
29716,190.0,94.0,19.0
29858,184.0,73.0,27.0
30218,171.0,55.0,21.0
30327,183.0,63.0,26.0
30376,170.0,65.0,34.0
30393,178.0,78.0,21.0
30530,177.0,62.0,20.0
30661,195.0,79.0,23.0
30742,180.0,64.0,22.0
30803,173.0,68.0,19.0
30960,177.0,66.0,36.0
31040,178.0,67.0,24.0
31064,175.0,68.0,21.0
31267,179.0,72.0,21.0
31372,178.0,64.0,27.0
31423,181.0,84.0,25.0
31497,189.0,81.0,23.0
31630,171.0,63.0,25.0
31636,188.0,77.0,23.0
31764,173.0,58.0,28.0
31989,196.0,120.0,24.0
32032,189.0,120.0,28.0
32105,184.0,75.0,23.0
32239,198.0,130.0,26.0
32395,183.0,63.0,24.0
32496,202.0,165.0,27.0
32509,174.0,73.0,21.0
32515,178.0,69.0,23.0
32814,174.0,72.0,28.0
32865,184.0,80.0,25.0
32886,175.0,60.0,30.0
32986,178.0,73.0,23.0
32998,183.0,80.0,21.0
32999,170.0,68.0,21.0
33100,179.0,77.0,28.0
33147,189.0,108.0,36.0
33288,183.0,65.0,24.0
33465,183.0,64.0,31.0
33570,185.0,61.0,27.0
33591,201.0,72.0,22.0
33688,180.0,95.0,20.0
33912,190.0,73.0,20.0
34264,193.0,86.0,19.0
34409,177.0,80.0,32.0
34480,178.0,58.0,39.0
34489,192.0,120.0,27.0
34569,190.0,75.0,33.0
34579,182.0,68.0,29.0
34635,188.0,94.0,33.0
35009,188.0,82.0,27.0
35088,174.0,50.0,26.0
35188,174.0,64.0,27.0
35282,172.0,55.0,33.0
35330,182.0,74.0,33.0
35332,182.0,72.0,25.0
35338,187.0,74.0,29.0
35662,178.0,74.0,29.0
35746,178.0,98.0,25.0
35945,170.0,52.0,23.0
36039,172.0,69.0,23.0
36142,166.0,60.0,30.0
36176,161.0,60.0,27.0
36390,192.0,110.0,28.0
36415,178.0,68.0,28.0
36485,191.0,80.0,33.0
36681,180.0,85.0,21.0
36778,178.0,58.0,28.0
36837,175.0,68.0,21.0
37654,188.0,90.0,33.0
37850,170.0,58.0,34.0
37968,175.0,69.0,28.0
37987,185.0,70.0,29.0
38018,166.0,61.0,27.0
38018,166.0,61.0,35.0
38086,186.0,79.0,23.0
38387,180.0,70.0,24.0
38612,177.0,59.0,30.0
38630,173.0,56.0,33.0
38715,195.0,84.0,19.0
38730,176.0,75.0,24.0
38730,176.0,75.0,28.0
38732,175.0,70.0,20.0
38732,175.0,70.0,24.0
38768,178.0,72.0,21.0
38801,172.0,71.0,19.0
39056,180.0,97.0,33.0
39225,188.0,74.0,23.0
39508,190.0,83.0,28.0
39532,186.0,102.0,21.0
39569,185.0,70.0,23.0
39641,175.0,65.0,23.0
40265,183.0,79.0,27.0
40301,178.0,73.0,21.0
40371,172.0,58.0,28.0
40521,182.0,72.0,19.0
40712,185.0,82.0,22.0
41133,176.0,78.0,30.0
41183,186.0,80.0,20.0
41300,172.0,60.0,28.0
41312,165.0,55.0,24.0
41326,186.0,73.0,24.0
41465,183.0,71.0,37.0
41560,180.0,63.0,34.0
41739,181.0,71.0,33.0
41863,172.0,68.0,26.0
41952,188.0,77.0,26.0
42013,182.0,71.0,24.0
42036,183.0,75.0,23.0
42101,177.0,75.0,21.0
42101,177.0,75.0,25.0
42178,175.0,73.0,22.0
42200,166.0,63.0,29.0
42317,172.0,72.0,28.0
42534,188.0,76.0,21.0
42631,193.0,78.0,24.0
42640,176.0,73.0,25.0
42790,180.0,65.0,24.0
42928,180.0,70.0,31.0
42982,184.0,95.0,21.0
43271,168.0,59.0,40.0
43723,180.0,88.0,25.0
43736,175.0,57.0,31.0
44094,181.0,76.0,28.0
44167,169.0,60.0,29.0
44177,185.0,72.0,22.0
44303,193.0,125.0,26.0
44473,186.0,72.0,20.0
44509,185.0,88.0,29.0
44543,185.0,65.0,17.0
44577,183.0,74.0,26.0
44577,183.0,74.0,31.0
44628,196.0,103.0,27.0
44696,178.0,60.0,23.0
44730,183.0,120.0,25.0
44740,173.0,70.0,24.0
44799,180.0,75.0,22.0
45307,191.0,96.0,26.0
45328,180.0,64.0,30.0
45611,180.0,68.0,26.0
46005,183.0,77.0,21.0
46049,170.0,59.0,21.0
46096,190.0,85.0,23.0
46097,196.0,89.0,23.0
46251,178.0,69.0,23.0
46383,167.0,60.0,20.0
46885,181.0,67.0,29.0
46957,185.0,75.0,21.0
47056,178.0,66.0,26.0
47289,175.0,63.0,34.0
47369,176.0,70.0,28.0
47902,181.0,83.0,24.0
48093,188.0,85.0,22.0
48115,191.0,85.0,27.0
48333,176.0,63.0,27.0
48353,180.0,66.0,38.0
48584,190.0,98.0,23.0
48684,175.0,71.0,22.0
48803,160.0,58.0,27.0
48882,190.0,115.0,24.0
48882,190.0,115.0,32.0
49030,188.0,78.0,25.0
49032,172.0,64.0,28.0
49610,181.0,80.0,24.0
49617,174.0,60.0,35.0
49708,183.0,70.0,20.0
49734,173.0,70.0,27.0
49795,175.0,66.0,25.0
49815,175.0,72.0,23.0
49835,190.0,75.0,23.0
49902,173.0,74.0,30.0
50176,188.0,95.0,29.0
50294,187.0,70.0,23.0
50294,187.0,70.0,23.0
50647,173.0,67.0,25.0
50680,201.0,105.0,28.0
50814,172.0,62.0,36.0
50836,175.0,75.0,31.0
50873,175.0,72.0,22.0
51324,179.0,86.0,38.0
51482,185.0,76.0,29.0
51703,184.0,68.0,29.0
52151,179.0,61.0,21.0
52231,170.0,58.0,28.0
52431,174.0,70.0,24.0
52589,164.0,57.0,22.0
52709,178.0,89.0,23.0
52950,174.0,54.0,25.0
53064,183.0,73.0,26.0
53430,183.0,77.0,31.0
53468,191.0,84.0,32.0
53511,177.0,73.0,23.0
53785,176.0,66.0,31.0
53785,176.0,66.0,39.0
53904,182.0,75.0,23.0
53939,188.0,91.0,27.0
53939,188.0,91.0,31.0
54009,180.0,70.0,20.0
54015,180.0,75.0,21.0
54019,188.0,74.0,23.0
54148,188.0,74.0,22.0
54183,178.0,65.0,27.0
54233,170.0,60.0,28.0
54273,190.0,82.0,24.0
54312,187.0,87.0,24.0
54694,172.0,59.0,29.0
54867,186.0,100.0,25.0
54891,177.0,80.0,25.0
54919,170.0,71.0,25.0
55036,180.0,72.0,42.0
55270,185.0,80.0,25.0
55305,183.0,72.0,27.0
55360,180.0,73.0,25.0
55363,185.0,77.0,24.0
55416,188.0,102.0,35.0
55613,173.0,72.0,29.0
55641,187.0,67.0,20.0
55644,179.0,76.0,20.0
55679,180.0,85.0,30.0
55726,180.0,78.0,34.0
55798,187.0,75.0,23.0
55831,182.0,70.0,27.0
55945,172.0,70.0,20.0
55950,160.0,50.0,18.0
55950,160.0,50.0,30.0
55963,179.0,75.0,22.0
56007,168.0,62.0,26.0
56025,186.0,68.0,25.0
56152,163.0,53.0,25.0
56182,185.0,102.0,22.0
56455,183.0,76.0,23.0
56466,172.0,61.0,29.0
56509,183.0,75.0,31.0
56697,171.0,63.0,33.0
56951,193.0,80.0,18.0
56951,193.0,80.0,26.0
56952,176.0,63.0,28.0
57008,188.0,79.0,24.0
57011,175.0,65.0,25.0
57028,157.0,50.0,31.0
57028,157.0,50.0,31.0
57049,184.0,70.0,21.0
57163,173.0,62.0,29.0
57418,174.0,62.0,28.0
57504,170.0,62.0,30.0
57820,175.0,64.0,29.0
58154,175.0,69.0,23.0
58446,176.0,73.0,23.0
58670,185.0,73.0,30.0
58788,178.0,66.0,25.0
58958,170.0,60.0,34.0
59036,180.0,75.0,23.0
59054,172.0,60.0,29.0
59106,174.0,58.0,24.0
59112,165.0,65.0,28.0
59314,179.0,78.0,22.0
59376,171.0,67.0,23.0
59673,184.0,75.0,26.0
59713,173.0,69.0,20.0
59766,175.0,64.0,23.0
59777,175.0,64.0,25.0
59797,180.0,82.0,27.0
60018,172.0,60.0,26.0
60105,172.0,62.0,27.0
60428,165.0,57.0,31.0
60466,185.0,90.0,27.0
60546,187.0,91.0,20.0
60565,185.0,88.0,23.0
60603,165.0,52.0,23.0
60623,175.0,55.0,26.0
60821,187.0,76.0,24.0
60847,187.0,64.0,32.0
60940,183.0,73.0,21.0
60940,183.0,73.0,21.0
61166,196.0,125.0,32.0
61247,182.0,72.0,24.0
61369,177.0,68.0,24.0
61397,195.0,115.0,22.0
61536,190.0,80.0,30.0
62118,182.0,73.0,24.0
62220,176.0,62.0,31.0
62411,177.0,68.0,28.0
62530,183.0,77.0,30.0
62741,178.0,65.0,33.0
62799,189.0,78.0,29.0
62932,168.0,60.0,27.0
63013,180.0,72.0,31.0
63308,169.0,58.0,26.0
63443,177.0,68.0,25.0
63666,197.0,100.0,26.0
63705,180.0,63.0,25.0
63740,183.0,91.0,28.0
63797,188.0,88.0,23.0
63803,175.0,70.0,24.0
63917,187.0,96.0,24.0
64035,196.0,140.0,30.0
64170,183.0,74.0,28.0
64469,172.0,59.0,27.0
64558,178.0,64.0,26.0
64561,181.0,72.0,23.0
64566,193.0,74.0,26.0
64782,183.0,76.0,26.0
64851,172.0,60.0,30.0
64982,179.0,62.0,31.0
65126,164.0,59.0,30.0
65198,188.0,88.0,25.0
65435,191.0,78.0,26.0
65547,176.0,65.0,29.0
65547,176.0,65.0,29.0
65591,186.0,84.0,26.0
65780,162.0,67.0,32.0
66002,164.0,55.0,23.0
66010,186.0,70.0,30.0
66184,174.0,71.0,28.0
66728,178.0,63.0,22.0
66744,178.0,68.0,21.0
66791,189.0,75.0,26.0
66791,189.0,75.0,29.0
66993,175.0,64.0,27.0
67076,186.0,76.0,23.0
67155,186.0,127.0,28.0
67308,171.0,61.0,30.0
67351,170.0,71.0,30.0
67479,165.0,53.0,27.0
67481,170.0,58.0,18.0
67637,180.0,65.0,37.0
67847,180.0,64.0,30.0
67976,183.0,80.0,27.0
68294,195.0,83.0,23.0
68661,186.0,67.0,25.0
68869,179.0,79.0,35.0
68958,178.0,65.0,27.0
69014,166.0,63.0,20.0
69344,180.0,75.0,23.0
70056,178.0,68.0,27.0
70192,183.0,68.0,31.0
70249,178.0,64.0,23.0
70695,176.0,67.0,25.0
70785,178.0,59.0,37.0
70812,182.0,80.0,25.0
70816,190.0,80.0,18.0
70921,193.0,86.0,28.0
71010,171.0,68.0,22.0
71153,180.0,78.0,20.0
71167,177.0,106.0,29.0
71169,180.0,69.0,27.0
71413,171.0,60.0,39.0
71450,173.0,61.0,25.0
71456,190.0,76.0,21.0
71648,176.0,75.0,22.0
72035,178.0,68.0,27.0
72035,178.0,68.0,31.0
72053,180.0,73.0,24.0
72337,190.0,75.0,22.0
72522,178.0,68.0,24.0
72651,188.0,78.0,23.0
72688,185.0,80.0,21.0
72802,180.0,65.0,26.0
72822,168.0,57.0,26.0
72862,180.0,73.0,29.0
72905,167.0,61.0,28.0
73084,180.0,78.0,26.0
73091,180.0,75.0,28.0
73091,180.0,75.0,28.0
73151,162.0,50.0,27.0
73172,170.0,64.0,21.0
73362,178.0,68.0,37.0
73412,187.0,77.0,20.0
73607,186.0,110.0,28.0
73795,180.0,75.0,25.0
73992,177.0,70.0,33.0
74003,183.0,63.0,21.0
74020,177.0,85.0,37.0
74480,178.0,66.0,30.0
74512,174.0,60.0,32.0
74552,187.0,116.0,21.0
74580,196.0,75.0,24.0
74705,177.0,62.0,25.0
74769,176.0,72.0,25.0
75011,182.0,86.0,27.0
75023,189.0,77.0,22.0
75027,193.0,83.0,23.0
75051,164.0,60.0,38.0
75771,165.0,53.0,21.0
75800,185.0,132.0,25.0
76197,175.0,60.0,27.0
76364,184.0,71.0,17.0
76485,175.0,69.0,30.0
76595,174.0,60.0,21.0
76707,178.0,68.0,29.0
76718,178.0,77.0,22.0
76885,176.0,61.0,21.0
77025,190.0,72.0,26.0
77391,183.0,78.0,22.0
77435,180.0,61.0,34.0
77464,171.0,63.0,32.0
77641,163.0,54.0,31.0
77695,172.0,61.0,33.0
77915,165.0,65.0,23.0
77963,184.0,80.0,28.0
77982,188.0,76.0,19.0
77982,188.0,76.0,23.0
78020,188.0,118.0,28.0
78105,173.0,64.0,19.0
78143,173.0,59.0,30.0
78356,167.0,62.0,32.0
78389,186.0,86.0,30.0
78461,189.0,74.0,22.0
78573,197.0,130.0,29.0
78808,170.0,60.0,30.0
78998,175.0,67.0,24.0
79126,189.0,76.0,24.0
79272,175.0,55.0,18.0
79289,176.0,69.0,27.0
79496,176.0,62.0,33.0
79568,175.0,58.0,32.0
79766,190.0,80.0,33.0
79785,188.0,109.0,27.0
79914,182.0,74.0,25.0
79979,188.0,121.0,37.0
80061,174.0,65.0,21.0
80234,162.0,53.0,23.0
80368,170.0,64.0,30.0
80399,175.0,70.0,22.0
80442,187.0,86.0,22.0
80712,164.0,55.0,20.0
80831,175.0,70.0,22.0
80873,175.0,62.0,25.0
80906,175.0,65.0,19.0
80920,171.0,54.0,25.0
80993,192.0,83.0,26.0
81052,182.0,70.0,28.0
81103,172.0,62.0,24.0
81275,188.0,78.0,24.0
81312,193.0,87.0,21.0
81406,193.0,85.0,25.0
81414,173.0,69.0,26.0
81443,174.0,65.0,24.0
81479,178.0,64.0,26.0
81632,180.0,66.0,23.0
81909,177.0,65.0,28.0
81949,174.0,72.0,20.0
81957,162.0,54.0,28.0
81978,166.0,54.0,28.0
82072,175.0,68.0,23.0
82190,181.0,71.0,23.0
82244,190.0,73.0,19.0
82253,175.0,65.0,30.0
82354,170.0,64.0,30.0
82363,186.0,102.0,26.0
82393,180.0,61.0,27.0
82491,163.0,51.0,31.0
82505,188.0,77.0,25.0
82698,180.0,78.0,25.0
82712,196.0,80.0,29.0
83217,163.0,56.0,22.0
83328,188.0,73.0,23.0
83642,176.0,69.0,21.0
83677,182.0,73.0,35.0
83689,160.0,52.0,27.0
83696,171.0,54.0,27.0
83721,196.0,123.0,33.0
83721,196.0,123.0,41.0
83743,162.0,52.0,27.0
83790,181.0,77.0,24.0
83839,178.0,65.0,25.0
83847,186.0,82.0,23.0
83897,180.0,68.0,26.0
83925,186.0,82.0,28.0
84005,177.0,57.0,26.0
84019,176.0,67.0,21.0
84141,198.0,125.0,21.0
84211,178.0,75.0,19.0
84301,180.0,73.0,25.0
84421,187.0,85.0,21.0
84481,177.0,65.0,23.0
84893,182.0,66.0,25.0
84895,182.0,67.0,26.0
84918,170.0,61.0,21.0
85196,176.0,60.0,25.0
85197,183.0,77.0,30.0
85221,181.0,73.0,30.0
85345,178.0,64.0,28.0
85426,197.0,128.0,24.0
85439,175.0,68.0,19.0
85472,180.0,80.0,26.0
85845,184.0,78.0,26.0
86174,182.0,70.0,28.0
86237,190.0,84.0,26.0
86531,176.0,66.0,31.0
86602,171.0,53.0,30.0
86639,170.0,70.0,22.0
87206,174.0,71.0,23.0
87340,178.0,73.0,28.0
87455,170.0,68.0,25.0
87533,194.0,85.0,34.0
87550,180.0,66.0,35.0
87553,178.0,75.0,24.0
87558,190.0,88.0,35.0
87662,173.0,68.0,23.0
87667,180.0,70.0,26.0
87761,184.0,73.0,22.0
87912,176.0,71.0,29.0
87917,183.0,73.0,24.0
88032,178.0,66.0,35.0
88130,173.0,63.0,26.0
88190,183.0,74.0,23.0
88210,175.0,72.0,25.0
88267,187.0,72.0,22.0
88291,180.0,72.0,22.0
88371,180.0,70.0,31.0
88425,170.0,61.0,22.0
88428,175.0,66.0,24.0
88442,168.0,57.0,20.0
88470,178.0,65.0,22.0
88645,186.0,70.0,26.0
89036,174.0,57.0,28.0
89079,172.0,72.0,21.0
89091,185.0,76.0,24.0
89199,174.0,59.0,20.0
89199,174.0,59.0,24.0
89644,175.0,66.0,32.0
89660,185.0,68.0,25.0
89723,182.0,77.0,23.0
89780,183.0,75.0,27.0
89797,177.0,75.0,24.0
89867,160.0,50.0,23.0
89958,176.0,68.0,27.0
90028,174.0,68.0,25.0
90034,179.0,67.0,20.0
90113,175.0,68.0,28.0
90139,178.0,72.0,17.0
90269,175.0,72.0,25.0
90366,176.0,86.0,22.0
90479,165.0,52.0,19.0
90519,184.0,77.0,27.0
90619,186.0,67.0,23.0
90696,180.0,67.0,25.0
90741,188.0,82.0,31.0
90741,188.0,82.0,34.0
90823,174.0,69.0,21.0
91175,194.0,126.0,26.0
91234,178.0,63.0,27.0
91375,162.0,50.0,34.0
91518,180.0,70.0,21.0
91581,184.0,72.0,19.0
91652,177.0,59.0,22.0
91673,187.0,80.0,30.0
91778,181.0,72.0,25.0
92022,198.0,82.0,24.0
92148,180.0,70.0,24.0
92148,180.0,70.0,28.0
92167,185.0,77.0,27.0
92231,193.0,97.0,25.0
92287,167.0,62.0,23.0
92534,186.0,74.0,30.0
92681,175.0,68.0,25.0
92748,186.0,74.0,25.0
93063,175.0,64.0,23.0
93222,191.0,86.0,27.0
93232,180.0,64.0,22.0
93329,167.0,60.0,30.0
93499,189.0,84.0,26.0
93566,183.0,72.0,27.0
93663,192.0,76.0,25.0
93954,182.0,71.0,21.0
94085,171.0,70.0,23.0
94085,171.0,70.0,23.0
94310,183.0,73.0,20.0
94359,189.0,69.0,23.0
94424,182.0,63.0,25.0
94439,178.0,68.0,24.0
94511,179.0,72.0,24.0
94670,180.0,71.0,28.0
94811,187.0,90.0,26.0
95052,181.0,69.0,32.0
95214,181.0,77.0,25.0
95324,182.0,73.0,31.0
95344,174.0,70.0,26.0
95382,180.0,66.0,31.0
95664,201.0,97.0,24.0
95894,168.0,54.0,28.0
96318,183.0,60.0,29.0
96327,180.0,65.0,19.0
96388,169.0,67.0,27.0
96406,176.0,71.0,26.0
96581,201.0,80.0,20.0
96748,167.0,56.0,29.0
96748,167.0,56.0,29.0
96802,184.0,82.0,23.0
96865,178.0,78.0,21.0
96907,178.0,72.0,28.0
96907,178.0,72.0,32.0
96946,185.0,77.0,23.0
96980,158.0,49.0,26.0
97124,182.0,70.0,35.0
97301,177.0,66.0,32.0
97395,182.0,74.0,26.0
97420,172.0,61.0,21.0
97556,183.0,72.0,22.0
97721,170.0,63.0,32.0
98082,185.0,100.0,28.0
98113,190.0,89.0,24.0
98194,188.0,81.0,23.0
98555,165.0,65.0,27.0
98650,178.0,66.0,24.0
98658,172.0,60.0,26.0
98718,171.0,67.0,32.0
98843,167.0,56.0,23.0
98928,174.0,69.0,26.0
99041,186.0,78.0,26.0
99121,175.0,70.0,25.0
99317,183.0,72.0,27.0
99317,183.0,72.0,27.0
99513,175.0,66.0,22.0
99513,175.0,66.0,26.0
99806,188.0,100.0,28.0
100054,184.0,88.0,33.0
100140,176.0,76.0,28.0
100212,180.0,72.0,22.0
100647,177.0,90.0,28.0
100682,199.0,110.0,25.0
100861,173.0,68.0,25.0
100936,178.0,75.0,29.0
100945,175.0,68.0,25.0
101004,192.0,74.0,21.0
101035,191.0,78.0,30.0
101181,157.0,50.0,21.0
101370,198.0,120.0,24.0
101419,176.0,60.0,25.0
101444,180.0,67.0,21.0
101597,185.0,75.0,33.0
101597,185.0,75.0,37.0
101629,175.0,59.0,28.0
101683,181.0,71.0,33.0
101694,181.0,72.0,21.0
101743,165.0,62.0,36.0
101815,180.0,66.0,22.0
101841,190.0,75.0,23.0
101841,190.0,75.0,27.0
101888,174.0,67.0,31.0
101990,182.0,83.0,27.0
101997,174.0,58.0,26.0
102066,183.0,67.0,19.0
102101,167.0,57.0,23.0
102217,175.0,67.0,29.0
102237,180.0,74.0,24.0
102455,195.0,122.0,30.0
102501,170.0,51.0,28.0
102749,192.0,75.0,24.0
102888,185.0,74.0,26.0
103030,179.0,72.0,19.0
103379,164.0,64.0,28.0
103536,179.0,79.0,22.0
103812,195.0,95.0,24.0
103913,165.0,53.0,27.0
104098,193.0,112.0,27.0
104104,192.0,134.0,29.0
104200,183.0,116.0,21.0
104287,176.0,59.0,28.0
104312,185.0,76.0,25.0
104359,180.0,71.0,22.0
104403,180.0,69.0,23.0
104404,189.0,79.0,25.0
104412,173.0,68.0,23.0
104463,176.0,65.0,23.0
104614,176.0,73.0,26.0
104699,167.0,64.0,19.0
104745,185.0,75.0,25.0
104800,175.0,73.0,23.0
104842,183.0,88.0,26.0
104850,174.0,74.0,26.0
104852,178.0,70.0,32.0
104867,180.0,68.0,22.0
105123,188.0,63.0,25.0
105139,181.0,72.0,20.0
105164,178.0,64.0,23.0
105391,185.0,88.0,23.0
105395,183.0,76.0,23.0
105407,174.0,65.0,25.0
105508,188.0,88.0,31.0
105693,191.0,85.0,22.0
105855,186.0,75.0,23.0
105865,177.0,77.0,26.0
105916,171.0,56.0,30.0
106101,183.0,77.0,27.0
106128,183.0,80.0,20.0
106136,188.0,75.0,20.0
106136,188.0,75.0,28.0
106184,180.0,67.0,24.0
106268,192.0,90.0,21.0
106331,171.0,65.0,38.0
106334,183.0,74.0,27.0
106440,189.0,67.0,27.0
106826,171.0,55.0,27.0
106921,183.0,74.0,23.0
107143,207.0,118.0,29.0
107294,185.0,83.0,23.0
107428,185.0,74.0,23.0
107521,185.0,84.0,25.0
107651,178.0,72.0,31.0
107686,183.0,83.0,25.0
107728,179.0,76.0,28.0
107842,201.0,83.0,28.0
107842,201.0,83.0,32.0
107902,183.0,78.0,22.0
107971,189.0,83.0,25.0
108024,186.0,73.0,32.0
108054,171.0,70.0,22.0
108328,181.0,64.0,23.0
108499,169.0,64.0,26.0
108503,165.0,59.0,23.0
108656,183.0,77.0,22.0
108733,178.0,70.0,26.0
108794,186.0,80.0,20.0
108896,170.0,57.0,22.0
108938,193.0,82.0,31.0
108957,193.0,125.0,26.0
109046,180.0,69.0,22.0
109085,173.0,58.0,26.0
109124,169.0,63.0,30.0
109171,195.0,105.0,25.0
109668,191.0,75.0,24.0
109943,178.0,74.0,20.0
109992,188.0,86.0,19.0
110046,190.0,75.0,21.0
110208,185.0,109.0,35.0
110216,195.0,135.0,30.0
110229,182.0,93.0,31.0
110380,181.0,70.0,21.0
110449,188.0,115.0,29.0
110493,178.0,78.0,18.0
110493,178.0,78.0,30.0
110598,172.0,70.0,29.0
110694,178.0,66.0,23.0
110761,179.0,60.0,25.0
110928,174.0,68.0,21.0
111034,175.0,56.0,22.0
111056,172.0,60.0,27.0
111076,173.0,53.0,37.0
111118,187.0,73.0,29.0
111313,170.0,63.0,29.0
111662,180.0,76.0,23.0
111853,183.0,83.0,24.0
112011,178.0,76.0,22.0
112036,180.0,72.0,34.0
112189,180.0,75.0,28.0
112591,196.0,130.0,24.0
112820,187.0,107.0,33.0
112828,186.0,73.0,24.0
112965,191.0,77.0,27.0
113251,173.0,64.0,26.0
113422,188.0,70.0,25.0
113521,168.0,65.0,27.0
113523,176.0,61.0,24.0
113525,180.0,61.0,21.0
113526,180.0,74.0,27.0
113663,190.0,75.0,20.0
113694,183.0,74.0,22.0
113754,177.0,71.0,20.0
114080,167.0,63.0,20.0
114093,180.0,85.0,34.0
114106,181.0,73.0,26.0
114298,190.0,125.0,25.0
114533,193.0,98.0,26.0
114546,170.0,69.0,29.0
114671,170.0,58.0,25.0
114865,181.0,73.0,29.0
115101,175.0,66.0,22.0
115636,188.0,74.0,24.0
115702,193.0,77.0,20.0
115798,190.0,103.0,24.0
116069,172.0,67.0,26.0
116191,178.0,68.0,20.0
116206,174.0,83.0,26.0
116206,174.0,83.0,30.0
116253,185.0,68.0,22.0
116304,175.0,72.0,24.0
116723,181.0,70.0,30.0
116984,183.0,76.0,25.0
117146,193.0,90.0,21.0
117212,190.0,91.0,21.0
117280,184.0,70.0,18.0
117280,184.0,70.0,22.0
117537,184.0,104.0,27.0
117602,178.0,67.0,29.0
117746,176.0,64.0,26.0
117751,183.0,68.0,24.0
117819,191.0,65.0,25.0
117839,176.0,67.5,28.0
117863,171.0,58.0,27.0
117939,170.0,70.0,31.0
117983,186.0,64.0,29.0
117986,180.0,67.0,23.0
118083,173.0,68.0,22.0
118119,182.0,73.0,23.0
118313,183.0,72.0,22.0
118413,175.0,67.0,22.0
118436,170.0,61.0,20.0
118467,167.0,57.0,29.0
118508,165.0,55.0,26.0
118656,192.0,79.0,19.0
118816,176.0,66.5,24.0
119102,180.0,70.0,24.0
119339,176.0,59.0,33.0
119540,194.0,72.0,30.0
119735,170.0,79.0,22.0
119898,184.0,92.0,17.0
119938,185.0,82.0,24.0
120148,179.0,95.0,26.0
120354,178.0,70.0,21.0
120613,164.0,54.0,32.0
120669,167.0,66.0,22.0
120701,191.0,83.0,27.0
120776,163.0,48.0,28.0
120807,190.0,72.0,23.0
120809,199.0,89.0,23.0
120984,178.0,70.0,22.0
121144,172.0,63.0,32.0
121247,173.0,67.0,34.0
121495,185.0,70.0,25.0
121595,182.0,71.0,22.0
121617,188.0,94.0,28.0
121740,183.0,80.0,26.0
121881,168.0,70.0,23.0
122084,182.0,70.0,25.0
122139,167.0,55.0,29.0
122284,169.0,58.0,26.0
122295,178.0,67.0,26.0
122405,175.0,73.0,24.0
122570,182.0,82.0,28.0
122579,171.0,54.0,24.0
122613,184.0,75.0,23.0
122759,183.0,77.0,23.0
123220,175.0,57.0,25.0
123250,180.0,80.0,21.0
123250,180.0,80.0,21.0
123538,168.0,59.0,29.0
123988,193.0,89.0,28.0
123993,174.0,60.0,31.0
124013,172.0,66.0,23.0
124170,183.0,79.0,29.0
124650,178.0,69.0,21.0
124787,174.0,73.0,26.0
125027,182.0,79.0,23.0
125065,173.0,60.0,32.0
125074,184.0,81.0,25.0
125082,190.0,85.0,28.0
125279,162.0,53.0,28.0
125338,182.0,93.0,26.0
125579,170.0,59.0,25.0
125643,174.0,61.0,28.0
125657,173.0,65.0,20.0
125666,183.0,68.0,19.0
126084,172.0,63.0,22.0
126095,188.0,130.0,32.0
126260,180.0,87.0,24.0
126275,179.0,70.0,28.0
126277,188.0,77.0,35.0
126334,185.0,60.0,24.0
126427,175.0,59.0,36.0
126440,174.0,71.0,21.0
126708,183.0,78.0,21.0
126780,179.0,59.0,20.0
126801,178.0,63.0,27.0
126826,178.0,64.0,27.0
126916,177.0,70.0,24.0
126943,170.0,70.0,24.0
127255,180.0,82.0,30.0
127531,186.0,80.0,26.0
127603,186.0,76.0,23.0
127632,173.0,65.0,30.0
128006,171.0,55.0,38.0
128112,183.0,74.0,24.0
128690,186.0,85.0,24.0
128776,177.0,79.0,25.0
128868,181.0,69.0,24.0
129053,175.0,68.0,26.0
129153,178.0,74.0,27.0
129346,197.0,122.0,32.0
129369,188.0,81.0,22.0
129404,191.0,119.0,23.0
129419,193.0,120.0,37.0
129506,176.0,78.0,39.0
129544,173.0,72.0,26.0
129544,173.0,72.0,30.0
129636,178.0,69.0,21.0
130343,182.0,68.0,20.0
130596,170.0,62.0,30.0
130912,173.0,66.0,27.0
131056,178.0,69.0,23.0
131109,183.0,64.0,25.0
131210,187.0,78.0,26.0
131283,170.0,54.0,24.0
131468,182.0,78.0,26.0
131686,193.0,80.0,23.0
131828,170.0,58.0,27.0
131847,173.0,70.0,20.0
132027,184.0,78.0,22.0
132252,181.0,74.0,26.0
132457,180.0,74.0,25.0
132460,174.0,63.0,30.0
132646,170.0,65.0,19.0
132959,183.0,70.0,26.0
133026,187.0,75.0,21.0
133029,174.0,62.0,29.0
133052,172.0,66.0,25.0
133067,172.0,59.0,27.0
133202,190.0,79.0,19.0
133208,173.0,74.0,22.0
133213,185.0,118.0,31.0
133266,175.0,75.0,24.0
133268,179.0,70.0,26.0
133370,184.0,74.0,27.0
133445,172.0,70.0,27.0
133643,187.0,72.0,27.0
133668,180.0,66.0,21.0
133754,170.0,65.0,30.0
133772,180.0,69.0,22.0
133836,185.0,68.0,27.0
133877,172.0,62.0,33.0
133926,168.0,57.0,24.0
134253,193.0,93.0,19.0
134278,185.0,86.0,38.0
134364,194.0,115.0,32.0
135042,172.0,60.0,25.0
135101,193.0,90.0,21.0
86,182.0,67.0,26.0
379,160.0,50.0,21.0
411,166.0,58.0,22.0
923,186.0,78.0,22.0
1270,172.0,64.0,26.0
1561,180.0,62.0,20.0
1569,185.0,81.0,25.0
1569,185.0,81.0,33.0
1734,173.0,67.0,21.0
1734,173.0,67.0,25.0
2469,200.0,130.0,28.0
2760,187.0,75.0,28.0
3011,182.0,70.0,28.0
4094,191.0,118.0,25.0
4667,175.0,58.0,24.0
4674,184.0,120.0,22.0
4782,180.0,62.0,28.0
5106,178.0,65.0,23.0
5150,173.0,70.0,30.0
5456,179.0,76.0,36.0
5482,178.0,68.0,22.0
5482,178.0,68.0,26.0
5561,183.0,77.0,26.0
5702,192.0,120.0,29.0
5702,192.0,120.0,37.0
5921,174.0,75.0,24.0
5991,189.0,88.0,24.0
6025,183.0,77.0,28.0
6076,202.0,82.0,24.0
6123,191.0,89.0,24.0
6123,191.0,89.0,27.0
6272,188.0,84.0,20.0
6448,188.0,70.0,22.0
6448,188.0,70.0,22.0
6594,195.0,102.0,27.0
6594,195.0,102.0,31.0
6642,188.0,79.0,31.0
6662,173.0,68.0,21.0
6810,194.0,135.0,29.0
6890,183.0,82.0,28.0
6890,183.0,82.0,28.0
6901,180.0,65.0,31.0
6912,193.0,84.0,20.0
6912,193.0,84.0,24.0
7038,183.0,72.0,20.0
7038,183.0,72.0,25.0
7038,183.0,72.0,25.0
7038,183.0,72.0,25.0
7219,176.0,62.0,33.0
7430,180.0,75.0,22.0
7936,180.0,77.0,23.0
7968,195.0,132.0,22.0
7968,195.0,132.0,30.0
8058,174.0,66.0,21.0
8059,172.0,63.0,21.0
8204,190.0,65.0,25.0
8243,174.0,70.0,23.0
8385,198.0,130.0,27.0
8417,181.0,80.0,29.0
8556,180.0,86.0,22.0
8736,173.0,71.0,23.0
8752,178.0,62.0,23.0
8789,176.0,61.0,21.0
8794,190.0,71.0,23.0
8900,183.0,59.0,27.0
8902,173.0,52.0,19.0
9185,191.0,82.0,24.0
9185,191.0,82.0,24.0
9237,178.0,78.0,21.0
9487,165.0,56.0,26.0
9487,165.0,56.0,26.0
9490,173.0,65.0,25.0
9634,191.0,77.0,28.0
9737,170.0,56.0,29.0
9848,180.0,65.0,31.0
9998,178.0,91.0,25.0
10158,188.0,98.0,28.0
10171,172.0,68.0,26.0
10188,170.0,64.0,22.0
10689,185.0,77.0,22.0
10798,180.0,66.0,21.0
11143,195.0,135.0,20.0
11143,195.0,135.0,24.0
11145,191.0,108.0,19.0
11380,178.0,67.0,29.0
11424,184.0,79.0,24.0
11467,177.0,57.0,28.0
11467,177.0,57.0,32.0
11616,183.0,75.0,22.0
11684,172.0,62.0,20.0
11839,173.0,58.0,22.0
11839,173.0,58.0,26.0
11864,181.0,66.0,21.0
11983,186.0,80.0,21.0
11988,190.0,79.0,26.0
11988,190.0,79.0,30.0
12023,190.0,79.0,21.0
12071,186.0,70.0,25.0
12086,180.0,80.0,22.0
12086,180.0,80.0,22.0
12086,180.0,80.0,26.0
12244,180.0,88.0,20.0
12244,180.0,88.0,24.0
12884,167.0,52.0,26.0
12946,176.0,75.0,22.0
12946,176.0,75.0,22.0
12946,176.0,75.0,26.0
12946,176.0,75.0,26.0
13018,173.0,64.0,30.0
13029,196.0,95.0,21.0
13029,196.0,95.0,21.0
13029,196.0,95.0,25.0
13029,196.0,95.0,25.0
13029,196.0,95.0,25.0
13029,196.0,95.0,29.0
13029,196.0,95.0,29.0
13029,196.0,95.0,29.0
13071,177.0,61.0,23.0
13127,183.0,113.0,36.0
13131,198.0,77.0,26.0
13428,180.0,68.0,29.0
13687,183.0,70.0,23.0
13691,183.0,80.0,22.0
13691,183.0,80.0,22.0
13691,183.0,80.0,26.0
13797,187.0,74.0,21.0
13797,187.0,74.0,25.0
14025,167.0,60.0,26.0
14128,183.0,75.0,27.0
14172,171.0,60.0,21.0
14544,190.0,89.0,25.0
14810,183.0,75.0,22.0
15001,185.0,81.0,26.0
15001,185.0,81.0,26.0
15075,191.0,116.0,23.0
15097,188.0,81.0,24.0
15309,179.0,77.0,31.0
15460,198.0,79.0,24.0
15473,180.0,74.0,22.0
15488,178.0,75.0,21.0
15488,178.0,75.0,29.0
15488,178.0,75.0,33.0
15488,178.0,75.0,37.0
15571,180.0,73.0,22.0
15580,180.0,84.0,23.0
15704,176.0,61.0,27.0
15730,185.0,79.0,18.0
15730,185.0,79.0,22.0
15930,181.0,79.0,26.0
16209,196.0,120.0,25.0
16430,172.0,60.0,28.0
16437,183.0,85.0,21.0
16721,183.0,82.0,25.0
16819,191.0,80.0,21.0
16973,188.0,82.0,26.0
17213,175.0,65.0,23.0
17213,175.0,65.0,27.0
17437,185.0,75.0,23.0
17437,185.0,75.0,27.0
17476,179.0,75.0,26.0
17478,189.0,86.0,28.0
17602,179.0,74.0,23.0
17606,180.0,79.0,26.0
17618,188.0,79.0,28.0
17697,183.0,83.0,27.0
17697,183.0,83.0,30.0
17737,190.0,94.0,18.0
17737,190.0,94.0,22.0
17750,188.0,77.0,28.0
17985,193.0,154.0,27.0
18216,176.0,63.0,25.0
18404,178.0,75.0,26.0
18481,191.0,84.0,21.0
18481,191.0,84.0,21.0
18655,189.0,127.0,23.0
18740,188.0,79.0,22.0
18740,188.0,79.0,26.0
18842,185.0,75.0,27.0
19169,183.0,75.0,24.0
19335,176.0,65.0,26.0
19457,178.0,75.0,22.0
19630,183.0,73.0,21.0
20117,177.0,68.0,26.0
20133,175.0,57.0,25.0
20134,163.0,54.0,19.0
20182,175.0,62.0,19.0
20464,186.0,74.0,20.0
21313,189.0,94.0,28.0
21313,189.0,94.0,28.0
21313,189.0,94.0,32.0
21406,190.0,82.0,27.0
21550,170.0,59.0,25.0
21550,170.0,59.0,29.0
21881,183.0,72.0,27.0
21947,180.0,83.0,24.0
21947,180.0,83.0,28.0
21954,181.0,72.0,21.0
21954,181.0,72.0,25.0
21990,188.0,86.0,22.0
21990,188.0,86.0,22.0
21990,188.0,86.0,30.0
22162,178.0,70.0,29.0
22207,175.0,54.0,23.0
22418,188.0,84.0,22.0
22676,185.0,78.0,29.0
22710,186.0,78.0,26.0
22737,183.0,100.0,35.0
22821,183.0,68.0,21.0
22821,183.0,68.0,25.0
22850,185.0,72.0,26.0
22941,188.0,85.0,23.0
22941,188.0,85.0,23.0
22978,191.0,85.0,29.0
23482,188.0,81.0,23.0
23482,188.0,81.0,23.0
23668,186.0,69.0,23.0
23723,181.0,86.0,30.0
23735,186.0,79.0,27.0
23735,186.0,79.0,31.0
23963,183.0,71.0,23.0
23974,201.0,125.0,23.0
24075,177.0,68.0,30.0
24108,170.0,89.0,20.0
24252,170.0,62.0,24.0
24274,180.0,71.0,20.0
24280,200.0,82.0,28.0
24440,188.0,72.0,22.0
24678,178.0,69.0,24.0
24678,178.0,69.0,29.0
24684,187.0,78.0,23.0
24684,187.0,78.0,27.0
24687,174.0,71.0,32.0
24689,186.0,88.0,29.0
24731,187.0,74.0,24.0
24731,187.0,74.0,31.0
25111,183.0,70.0,23.0
25111,183.0,70.0,27.0
25157,193.0,123.0,27.0
25157,193.0,123.0,31.0
25157,193.0,123.0,35.0
25228,182.0,88.0,23.0
25284,198.0,125.0,31.0
25284,198.0,125.0,35.0
25546,186.0,84.0,25.0
25631,185.0,68.0,26.0
25669,203.0,90.0,21.0
25670,183.0,79.0,24.0
25686,183.0,73.0,22.0
25686,183.0,73.0,25.0
25690,185.0,81.0,21.0
25694,190.0,70.0,26.0
25717,185.0,74.0,28.0
25717,185.0,74.0,28.0
25906,182.0,85.0,21.0
25919,183.0,63.0,24.0
26135,176.0,70.0,21.0
26135,176.0,70.0,21.0
26135,176.0,70.0,21.0
26374,168.0,54.0,35.0
26375,166.0,66.0,31.0
26509,186.0,76.0,22.0
26509,186.0,76.0,26.0
26829,183.0,66.0,26.0
26835,188.0,116.0,34.0
26975,193.0,90.0,28.0
27183,183.0,93.0,27.0
27193,184.0,75.0,21.0
27232,175.0,67.0,29.0
27232,175.0,67.0,33.0
27323,185.0,106.0,22.0
27366,175.0,62.0,30.0
27965,187.0,70.0,20.0
27966,183.0,76.0,28.0
27978,192.0,115.0,31.0
28124,190.0,72.0,29.0
28428,176.0,64.0,22.0
28539,178.0,69.0,25.0
28539,178.0,69.0,25.0
28539,178.0,69.0,29.0
28544,188.0,99.0,23.0
28811,175.0,80.0,22.0
28819,188.0,72.0,22.0
28834,186.0,70.0,22.0
28959,185.0,82.0,24.0
29075,183.0,120.0,30.0
29164,173.0,67.0,31.0
29233,187.0,87.0,21.0
29655,180.0,65.0,23.0
29692,175.0,67.0,26.0
29947,183.0,73.0,25.0
29947,183.0,73.0,25.0
29966,187.0,83.0,27.0
30097,196.0,83.0,22.0
30097,196.0,83.0,26.0
30123,175.0,75.0,27.0
30123,175.0,75.0,32.0
30135,188.0,74.0,21.0
30135,188.0,74.0,25.0
30313,191.0,115.0,24.0
30402,181.0,81.0,23.0
30642,180.0,73.0,23.0
30661,195.0,79.0,23.0
31001,186.0,90.0,24.0
31019,186.0,81.0,26.0
31122,168.0,56.0,28.0
31205,186.0,81.0,24.0
31205,186.0,81.0,28.0
31487,182.0,73.0,30.0
31487,182.0,73.0,34.0
31498,185.0,82.0,21.0
31636,188.0,77.0,23.0
31740,184.0,82.0,22.0
31890,176.0,58.0,29.0
31940,180.0,61.0,23.0
32217,190.0,95.0,29.0
32352,181.0,67.0,25.0
32964,184.0,73.0,28.0
33177,175.0,64.0,24.0
33438,183.0,66.0,17.0
33457,180.0,78.0,21.0
33507,187.0,64.0,21.0
33547,180.0,71.0,30.0
33597,184.0,82.0,20.0
33598,182.0,79.0,20.0
33606,175.0,57.0,22.0
33690,175.0,69.0,24.0
34012,175.0,58.0,33.0
34012,175.0,58.0,33.0
34151,172.0,64.0,24.0
34638,177.0,72.0,23.0
34814,175.0,60.0,27.0
35268,167.0,67.0,26.0
35268,167.0,67.0,30.0
36356,199.0,78.0,18.0
36401,193.0,83.0,21.0
36415,178.0,68.0,28.0
36669,183.0,68.0,21.0
36880,170.0,67.0,29.0
36911,184.0,73.0,21.0
36911,184.0,73.0,21.0
36933,180.0,73.0,24.0
36933,180.0,73.0,28.0
36933,180.0,73.0,28.0
36994,173.0,67.0,21.0
36996,183.0,82.0,21.0
36996,183.0,82.0,21.0
37026,177.0,64.0,24.0
37083,182.0,75.0,33.0
37413,187.0,101.0,20.0
37413,187.0,101.0,24.0
37733,164.0,72.0,25.0
37859,178.0,77.0,20.0
38252,172.0,60.0,26.0
38252,172.0,60.0,30.0
38252,172.0,60.0,30.0
38252,172.0,60.0,34.0
38508,189.0,79.0,24.0
38508,189.0,79.0,28.0
38583,182.0,75.0,28.0
38590,177.0,71.0,26.0
38712,181.0,83.0,26.0
38730,176.0,75.0,28.0
38753,193.0,94.0,20.0
38764,175.0,64.0,30.0
39029,181.0,69.0,22.0
39035,186.0,80.0,22.0
39035,186.0,80.0,22.0
39035,186.0,80.0,22.0
39035,186.0,80.0,30.0
39035,186.0,80.0,34.0
39066,186.0,70.0,25.0
39066,186.0,70.0,33.0
39163,191.0,75.0,22.0
39288,180.0,58.0,22.0
39290,171.0,56.0,22.0
39291,165.0,56.0,23.0
39291,165.0,56.0,27.0
39390,177.0,73.0,23.0
39472,174.0,74.0,25.0
39508,190.0,83.0,25.0
39780,182.0,74.0,21.0
39944,176.0,66.0,36.0
40265,183.0,79.0,27.0
40677,173.0,67.0,19.0
40969,193.0,129.0,24.0
40969,193.0,129.0,28.0
41133,176.0,78.0,26.0
41634,175.0,64.0,32.0
41634,175.0,64.0,32.0
41788,184.0,104.0,25.0
41788,184.0,104.0,34.0
41810,179.0,83.0,23.0
41810,179.0,83.0,23.0
41888,170.0,63.0,33.0
41926,182.0,78.0,21.0
41952,188.0,77.0,22.0
42087,183.0,76.0,22.0
42158,191.0,81.0,24.0
42211,178.0,70.0,20.0
42211,178.0,70.0,20.0
42289,178.0,65.0,25.0
42293,182.0,71.0,24.0
42296,178.0,72.0,22.0
42296,178.0,72.0,26.0
42662,173.0,69.0,23.0
42662,173.0,69.0,23.0
42668,183.0,70.0,25.0
42668,183.0,70.0,29.0
42669,176.0,80.0,26.0
42669,176.0,80.0,30.0
42993,188.0,79.0,19.0
43065,175.0,65.0,24.0
43065,175.0,65.0,24.0
43949,200.0,128.0,27.0
44060,192.0,126.0,28.0
44091,175.0,64.0,29.0
44201,183.0,68.0,21.0
44473,186.0,72.0,20.0
44473,186.0,72.0,25.0
44935,178.0,62.0,27.0
44993,183.0,75.0,22.0
44998,183.0,78.0,20.0
45004,183.0,75.0,21.0
45314,189.0,70.0,23.0
45590,187.0,105.0,29.0
45819,184.0,72.0,31.0
45967,196.0,96.0,28.0
45972,178.0,77.0,22.0
46056,183.0,110.0,26.0
46063,190.0,90.0,25.0
46094,176.0,73.0,24.0
46159,183.0,77.0,18.0
46180,185.0,83.0,22.0
46180,185.0,83.0,22.0
46193,188.0,80.0,22.0
46193,188.0,80.0,26.0
46209,178.0,77.0,31.0
46251,178.0,69.0,23.0
46275,207.0,120.0,26.0
46277,201.0,126.0,27.0
46370,182.0,71.0,23.0
46370,182.0,71.0,23.0
46638,185.0,79.0,22.0
46638,185.0,79.0,26.0
46638,185.0,79.0,26.0
46839,183.0,86.0,21.0
46839,183.0,86.0,21.0
47464,160.0,72.0,24.0
47515,187.0,72.0,24.0
47515,187.0,72.0,28.0
47515,187.0,72.0,28.0
47518,200.0,84.0,31.0
47578,183.0,86.0,27.0
47664,189.0,81.0,28.0
47664,189.0,81.0,28.0
47692,185.0,72.0,27.0
47838,184.0,85.0,23.0
48060,175.0,64.0,22.0
48076,179.0,74.0,25.0
48173,178.0,67.0,25.0
48174,191.0,80.0,24.0
48484,179.0,67.0,28.0
48536,181.0,70.0,23.0
48560,186.0,77.0,24.0
48599,186.0,75.0,22.0
48689,180.0,82.0,22.0
48696,183.0,81.0,22.0
48701,200.0,102.0,26.0
48823,174.0,65.0,24.0
48851,176.0,62.0,24.0
49109,182.0,147.0,34.0
49204,185.0,71.0,24.0
49265,171.0,62.0,27.0
49328,182.0,90.0,24.0
49368,191.0,81.0,25.0
49611,178.0,77.0,24.0
49611,178.0,77.0,36.0
49626,183.0,78.0,22.0
49708,183.0,70.0,25.0
49812,187.0,82.0,26.0
49817,190.0,82.0,20.0
50834,190.0,82.0,30.0
51403,168.0,57.0,22.0
51469,181.0,83.0,26.0
51525,175.0,68.0,24.0
51754,185.0,80.0,25.0
52040,188.0,77.0,28.0
52585,193.0,72.0,23.0
52716,186.0,75.0,21.0
52755,164.0,56.0,27.0
52899,171.0,62.0,42.0
53094,173.0,69.0,25.0
53098,182.0,75.0,21.0
53305,188.0,65.0,27.0
53478,170.0,72.0,20.0
53492,180.0,66.0,19.0
53492,180.0,66.0,23.0
53904,182.0,75.0,27.0
54001,207.0,120.0,26.0
54094,175.0,65.0,24.0
54164,183.0,75.0,22.0
54241,187.0,83.0,23.0
54269,186.0,74.0,22.0
54269,186.0,74.0,22.0
54270,186.0,77.0,28.0
54273,190.0,82.0,20.0
54297,188.0,88.0,26.0
54697,180.0,75.0,21.0
54919,170.0,71.0,29.0
55323,178.0,70.0,25.0
55335,177.0,75.0,22.0
55335,177.0,75.0,22.0
55361,176.0,66.0,23.0
55361,176.0,66.0,23.0
55420,185.0,86.0,26.0
55422,178.0,60.0,48.0
55430,183.0,77.0,28.0
55444,190.0,91.0,21.0
55444,190.0,91.0,25.0
55667,180.0,76.0,22.0
55685,183.0,77.0,18.0
55688,180.0,75.0,26.0
56064,194.0,71.0,20.0
56170,190.0,84.0,25.0
56170,190.0,84.0,25.0
56308,195.0,85.0,21.0
56913,184.0,77.5,29.0
56989,182.0,72.0,23.0
57263,176.0,75.0,30.0
57275,184.0,73.0,23.0
57280,196.0,125.0,29.0
57370,197.0,125.0,29.0
57573,181.0,62.0,27.0
57714,198.0,98.0,23.0
57856,184.0,88.0,23.0
57950,177.0,68.0,24.0
58042,184.0,81.0,25.0
58067,183.0,76.0,24.0
58251,183.0,79.0,24.0
58283,176.0,66.0,29.0
58343,158.0,50.0,21.0
58366,166.0,45.0,26.0
58405,166.0,56.0,29.0
58429,173.0,66.0,28.0
58429,173.0,66.0,32.0
58429,173.0,66.0,32.0
58444,196.0,86.0,26.0
58614,167.0,52.0,22.0
58614,167.0,52.0,30.0
58688,185.0,80.0,23.0
58758,180.0,73.0,27.0
58788,178.0,66.0,21.0
58796,183.0,76.0,30.0
58843,180.0,70.0,22.0
58843,180.0,70.0,22.0
59323,196.0,124.0,24.0
60400,173.0,64.0,21.0
60401,167.0,58.0,27.0
60449,184.0,73.0,22.0
60449,184.0,73.0,30.0
60492,180.0,64.0,20.0
60514,185.0,91.0,21.0
60514,185.0,91.0,26.0
60544,175.0,77.5,26.0
60589,167.0,57.0,19.0
60589,167.0,57.0,23.0
60589,167.0,57.0,31.0
60594,182.0,63.0,27.0
60594,182.0,63.0,31.0
60596,185.0,73.0,25.0
60610,190.0,63.0,19.0
60618,172.0,56.0,23.0
60623,175.0,55.0,23.0
60624,167.0,58.0,21.0
60628,175.0,60.0,24.0
60756,176.0,63.0,22.0
60779,177.0,62.0,30.0
60833,178.0,63.0,32.0
60835,188.0,115.0,24.0
61238,185.0,103.0,35.0
61363,187.0,75.0,22.0
61403,192.0,82.0,26.0
61457,178.0,71.0,20.0
61554,166.0,58.0,23.0
61878,170.0,60.0,22.0
61935,170.0,60.0,22.0
62104,176.0,80.0,28.0
62173,175.0,74.0,22.0
62530,183.0,77.0,26.0
62530,183.0,77.0,30.0
62790,172.0,64.0,24.0
62796,196.0,102.5,27.0
62815,165.0,64.0,22.0
62932,168.0,60.0,27.0
62932,168.0,60.0,32.0
62972,170.0,55.0,21.0
63392,183.0,134.0,27.0
63394,163.0,50.0,30.0
63428,204.0,132.0,25.0
63549,187.0,82.0,26.0
63609,188.0,112.0,28.0
63609,188.0,112.0,32.0
63875,191.0,83.0,22.0
63882,172.0,65.0,23.0
64019,180.0,70.0,27.0
64029,180.0,73.0,20.0
64151,189.0,90.0,27.0
64342,190.0,93.0,30.0
64425,194.0,125.0,30.0
64428,184.0,73.0,24.0
64469,172.0,59.0,31.0
64700,183.0,73.0,21.0
64793,190.0,98.0,21.0
64805,184.0,82.0,26.0
64805,184.0,82.0,30.0
65024,179.0,63.0,28.0
65181,170.0,72.0,21.0
65286,172.0,72.0,29.0
65286,172.0,72.0,29.0
65295,190.0,93.0,28.0
65542,194.0,89.0,21.0
65568,185.0,125.0,23.0
65654,185.0,73.0,26.0
65654,185.0,73.0,26.0
65854,173.0,58.0,25.0
65854,173.0,58.0,29.0
65925,172.0,62.0,32.0
65978,180.0,75.0,22.0
66002,164.0,55.0,27.0
66200,172.0,70.0,21.0
66349,185.0,81.0,28.0
66358,182.0,69.0,26.0
66747,186.0,77.0,30.0
66747,186.0,77.0,30.0
66790,183.0,65.0,30.0
66916,178.0,70.0,24.0
66916,178.0,70.0,24.0
67076,186.0,76.0,23.0
67233,177.0,71.0,25.0
67233,177.0,71.0,29.0
67392,188.0,82.0,23.0
67640,183.0,74.0,30.0
68394,183.0,75.0,26.0
68525,176.0,68.0,24.0
68610,190.0,74.0,22.0
68610,190.0,74.0,26.0
68695,179.0,75.0,19.0
68787,173.0,64.0,24.0
69210,188.0,80.0,23.0
69210,188.0,80.0,23.0
69210,188.0,80.0,23.0
69210,188.0,80.0,27.0
69210,188.0,80.0,27.0
69210,188.0,80.0,31.0
69210,188.0,80.0,31.0
69259,188.0,84.0,19.0
69259,188.0,84.0,23.0
69259,188.0,84.0,23.0
69269,183.0,89.0,21.0
70144,190.0,92.0,25.0
70201,174.0,66.0,27.0
70477,168.0,62.0,23.0
70477,168.0,62.0,27.0
70532,183.0,78.0,27.0
70538,180.0,106.0,22.0
70785,178.0,59.0,28.0
70785,178.0,59.0,37.0
70785,178.0,59.0,40.0
71196,193.0,118.0,20.0
71196,193.0,118.0,24.0
71237,175.0,57.0,30.0
71719,189.0,99.0,26.0
71757,186.0,83.0,20.0
71969,192.0,80.0,23.0
72116,176.0,64.0,20.0
72208,190.0,79.0,23.0
72278,181.0,73.0,27.0
72337,190.0,75.0,22.0
72466,180.0,90.0,25.0
72466,180.0,90.0,33.0
72605,196.0,120.0,25.0
72770,178.0,61.0,26.0
73021,187.0,81.0,31.0
73383,165.0,53.0,26.0
73555,182.0,81.0,25.0
73572,174.0,65.0,28.0
73758,204.0,142.0,26.0
73758,204.0,142.0,30.0
73810,184.0,98.0,29.0
73817,192.0,100.0,27.0
73817,192.0,100.0,31.0
73857,170.0,67.0,24.0
73857,170.0,67.0,28.0
74084,182.0,68.0,29.0
74090,180.0,73.0,21.0
74297,191.0,82.0,20.0
74452,171.0,74.0,26.0
74489,193.0,86.0,23.0
74659,165.0,57.0,27.0
75027,193.0,83.0,23.0
75163,183.0,73.0,23.0
75163,183.0,73.0,23.0
75187,174.0,64.0,24.0
75189,185.0,76.0,23.0
75388,178.0,75.0,24.0
75388,178.0,75.0,24.0
75388,178.0,75.0,28.0
75633,178.0,66.0,26.0
75753,176.0,69.0,26.0
75783,183.0,77.0,29.0
76095,189.0,85.0,23.0
76200,165.0,51.0,26.0
76353,179.0,65.0,24.0
76386,183.0,81.0,27.0
76409,190.0,92.0,17.0
76409,190.0,92.0,21.0
76433,178.0,76.0,24.0
76433,178.0,76.0,28.0
76533,188.0,89.0,22.0
76533,188.0,89.0,22.0
76534,200.0,120.0,23.0
76686,187.0,81.0,20.0
76946,192.0,89.0,23.0
76987,186.0,77.0,24.0
77030,176.0,74.0,22.0
77405,178.0,72.0,25.0
77470,183.0,85.0,25.0
77519,183.0,75.0,28.0
77654,183.0,77.0,20.0
77654,183.0,77.0,24.0
77680,185.0,72.0,26.0
77680,185.0,72.0,30.0
77680,185.0,72.0,30.0
77761,181.0,70.0,30.0
77950,181.0,72.0,22.0
77950,181.0,72.0,26.0
78155,180.0,74.0,18.0
78347,190.0,75.0,23.0
78347,190.0,75.0,27.0
78347,190.0,75.0,31.0
78746,180.0,73.0,20.0
78746,180.0,73.0,28.0
78746,180.0,73.0,28.0
78834,175.0,63.0,25.0
78962,188.0,72.0,27.0
78964,191.0,86.0,22.0
79272,175.0,55.0,22.0
79568,175.0,58.0,36.0
79596,183.0,73.0,38.0
79608,178.0,69.0,32.0
79774,183.0,79.0,22.0
79780,195.0,105.0,33.0
79871,179.0,77.0,22.0
79880,168.0,68.0,27.0
79915,183.0,79.0,22.0
79915,183.0,79.0,25.0
79928,180.0,67.0,21.0
79973,175.0,68.0,24.0
80066,170.0,56.0,27.0
80066,170.0,56.0,31.0
80066,170.0,56.0,35.0
80204,178.0,85.0,21.0
80399,175.0,70.0,26.0
80399,175.0,70.0,30.0
80419,185.0,79.0,25.0
80428,183.0,71.0,25.0
80831,175.0,70.0,30.0
81060,190.0,76.0,23.0
81312,193.0,87.0,29.0
81524,184.0,83.0,20.0
81550,178.0,73.0,21.0
81550,178.0,73.0,25.0
81555,172.0,64.0,28.0
81638,185.0,77.0,22.0
81638,185.0,77.0,22.0
81789,181.0,73.0,20.0
81861,175.0,60.0,26.0
81914,172.0,76.0,24.0
82131,183.0,78.0,24.0
82147,165.0,54.0,24.0
82302,186.0,75.0,21.0
82302,186.0,75.0,21.0
82302,186.0,75.0,21.0
82416,186.0,72.0,20.0
82416,186.0,72.0,28.0
82416,186.0,72.0,33.0
82709,196.0,120.0,27.0
82984,171.0,62.0,23.0
83080,180.0,74.0,29.0
83305,185.0,80.0,27.0
83313,188.0,73.0,34.0
83453,178.0,74.0,20.0
83453,178.0,74.0,28.0
83462,165.0,65.0,23.0
83502,187.0,96.0,29.0
83514,180.0,68.0,21.0
83738,168.0,54.0,28.0
83742,187.0,73.0,23.0
83775,160.0,55.0,24.0
83925,186.0,82.0,32.0
84850,187.0,120.0,34.0
85178,183.0,80.0,23.0
85183,183.0,120.0,25.0
85183,183.0,120.0,29.0
85257,184.0,82.0,30.0
85264,193.0,95.0,29.0
85513,177.0,83.0,23.0
85535,193.0,77.0,24.0
85535,193.0,77.0,24.0
85554,191.0,82.0,21.0
85567,175.0,68.0,27.0
85567,175.0,68.0,27.0
85698,178.0,62.0,26.0
85913,190.0,102.0,23.0
85913,190.0,102.0,27.0
86161,180.0,66.0,25.0
86174,182.0,70.0,24.0
86319,191.0,105.0,31.0
86581,175.0,65.0,22.0
86592,176.0,60.0,22.0
86600,174.0,63.0,24.0
86600,174.0,63.0,28.0
86823,184.0,84.0,30.0
86915,184.0,73.0,25.0
86955,178.0,73.0,26.0
86970,184.0,62.0,22.0
87235,196.0,128.0,27.0
87455,170.0,68.0,25.0
87455,170.0,68.0,29.0
87460,182.0,74.0,27.0
87629,177.0,69.0,21.0
87651,188.0,84.0,30.0
87674,190.0,111.0,24.0
87674,190.0,111.0,28.0
87787,195.0,79.0,25.0
88018,177.0,70.0,25.0
88073,192.0,125.0,20.0
88073,192.0,125.0,32.0
89301,191.0,85.0,22.0
89483,185.0,73.0,21.0
90010,186.0,95.0,28.0
90013,191.0,90.0,34.0
90034,179.0,67.0,24.0
90101,173.0,68.0,23.0
90192,183.0,70.0,24.0
90192,183.0,70.0,24.0
90331,184.0,74.0,21.0
90922,184.0,72.0,26.0
91361,196.0,90.0,22.0
91841,193.0,71.0,26.0
91875,185.0,74.0,24.0
92134,183.0,79.0,26.0
92136,185.0,72.0,23.0
92406,183.0,79.0,26.0
92691,174.0,66.0,31.0
92710,176.0,66.0,27.0
92971,193.0,93.0,23.0
92988,165.0,68.0,30.0
93329,167.0,60.0,22.0
93329,167.0,60.0,34.0
93365,172.0,72.0,31.0
93751,181.0,70.0,24.0
93839,189.0,62.0,28.0
94122,180.0,80.0,25.0
94235,174.0,64.0,38.0
94459,188.0,84.0,29.0
94469,185.0,73.0,26.0
94531,186.0,90.0,27.0
94696,185.0,84.0,29.0
94777,190.0,76.0,21.0
94941,178.0,70.0,23.0
95110,172.0,65.0,25.0
95110,172.0,65.0,29.0
95140,188.0,65.0,25.0
95232,195.0,94.0,25.0
95426,181.0,64.0,26.0
95488,186.0,110.0,28.0
95562,178.0,70.0,25.0
95602,171.0,63.0,21.0
95663,185.0,75.0,29.0
95683,183.0,73.0,27.0
96302,193.0,74.0,20.0
96625,188.0,110.0,29.0
96625,188.0,110.0,37.0
96628,188.0,77.0,24.0
96628,188.0,77.0,28.0
96644,170.0,63.0,32.0
97270,182.0,71.0,24.0
97388,190.0,88.0,23.0
97822,175.0,70.0,25.0
97822,175.0,70.0,25.0
97822,175.0,70.0,33.0
97832,183.0,65.0,28.0
97880,181.0,83.0,22.0
97925,180.0,74.0,22.0
98143,180.0,61.0,20.0
98143,180.0,61.0,20.0
98959,188.0,107.0,29.0
99139,190.0,105.0,26.0
99139,190.0,105.0,30.0
99139,190.0,105.0,34.0
99354,178.0,64.0,25.0
99583,181.0,98.0,21.0
99583,181.0,98.0,25.0
99727,173.0,61.0,27.0
99753,180.0,65.0,31.0
99753,180.0,65.0,34.0
99796,178.0,68.0,21.0
99895,173.0,67.0,21.0
100097,184.0,80.0,20.0
100254,193.0,84.0,24.0
100317,178.0,68.0,25.0
100388,190.0,95.0,23.0
100464,174.0,63.0,19.0
100480,178.0,75.0,22.0
100480,178.0,75.0,26.0
100537,188.0,77.0,26.0
100548,178.0,74.0,19.0
100682,199.0,110.0,29.0
100730,187.0,112.0,33.0
101258,185.0,81.0,25.0
101290,173.0,68.0,23.0
101292,188.0,82.0,27.0
101412,188.0,74.0,24.0
101439,175.0,75.0,25.0
101474,178.0,64.0,22.0
101577,185.0,79.0,22.0
101594,188.0,78.0,23.0
101660,195.0,80.0,24.0
102024,192.0,92.0,24.0
102421,162.0,54.0,21.0
102439,198.0,81.0,21.0
103120,177.0,58.0,31.0
103124,185.0,71.0,25.0
103274,190.0,76.0,27.0
103528,181.0,61.0,30.0
103672,183.0,90.0,28.0
103685,185.0,82.0,27.0
103686,188.0,92.0,25.0
103686,188.0,92.0,29.0
103723,189.0,86.0,28.0
103792,176.0,70.0,26.0
103820,198.0,83.0,27.0
103917,188.0,76.0,21.0
104098,193.0,112.0,23.0
104345,187.0,70.0,23.0
104586,183.0,70.0,25.0
104762,180.0,70.0,22.0
105015,183.0,107.0,23.0
105113,174.0,70.0,23.0
105188,175.0,53.0,36.0
105393,191.0,82.0,26.0
105429,188.0,78.0,23.0
105429,188.0,78.0,26.0
105429,188.0,78.0,30.0
105429,188.0,78.0,34.0
105434,175.0,69.0,26.0
105457,187.0,84.0,23.0
106265,184.0,95.0,22.0
106561,188.0,80.0,21.0
106561,188.0,80.0,21.0
106726,200.0,93.0,23.0
106804,180.0,72.0,28.0
107033,187.0,82.0,18.0
107077,183.0,100.0,24.0
107151,199.0,115.0,22.0
107617,184.0,66.0,27.0
107643,193.0,110.0,28.0
107643,193.0,110.0,32.0
107733,192.0,80.0,22.0
107842,201.0,83.0,28.0
107891,185.0,73.0,23.0
107982,183.0,77.0,23.0
108127,186.0,88.0,25.0
108227,179.0,67.0,23.0
108276,175.0,62.0,26.0
108738,176.0,63.0,22.0
109034,185.0,87.0,27.0
109227,193.0,79.0,23.0
109331,178.0,73.0,23.0
109404,182.0,70.0,28.0
109410,178.0,73.0,25.0
109425,188.0,82.0,23.0
109824,183.0,75.0,22.0
109997,178.0,61.0,24.0
109997,178.0,61.0,28.0
110213,190.0,84.0,23.0
110229,182.0,93.0,23.0
110260,185.0,106.0,21.0
110260,185.0,106.0,25.0
110260,185.0,106.0,33.0
110388,168.0,58.0,21.0
110388,168.0,58.0,25.0
110475,198.0,83.0,23.0
110477,177.0,80.0,25.0
110554,175.0,65.0,27.0
110584,191.0,114.0,34.0
110647,189.0,81.0,24.0
110757,161.0,64.0,31.0
110868,186.0,76.0,28.0
111540,180.0,68.0,26.0
111568,170.0,60.0,25.0
111662,180.0,76.0,23.0
111695,186.0,128.0,26.0
111948,174.0,62.0,25.0
112011,178.0,76.0,26.0
112011,178.0,76.0,30.0
112036,180.0,72.0,30.0
112207,178.0,69.0,23.0
112207,178.0,69.0,27.0
112238,180.0,72.0,20.0
112269,187.0,79.0,28.0
112331,188.0,73.0,23.0
112387,173.0,73.0,19.0
112403,185.0,70.0,23.0
112440,173.0,73.0,28.0
112543,179.0,80.0,25.0
112543,179.0,80.0,25.0
112772,168.0,53.0,22.0
112800,171.0,63.0,29.0
112880,175.0,63.0,33.0
112966,165.0,73.0,26.0
113459,168.0,72.0,26.0
113472,185.0,81.0,18.0
113722,173.0,63.0,32.0
113752,177.0,71.0,24.0
113753,187.0,76.0,22.0
114307,187.0,79.0,24.0
114307,187.0,79.0,24.0
114323,190.0,84.0,19.0
114588,182.0,78.0,23.0
114604,180.0,73.0,25.0
114611,185.0,80.0,28.0
114710,180.0,71.0,21.0
114822,174.0,64.0,23.0
115115,185.0,81.0,27.0
115148,178.0,65.0,23.0
115171,178.0,73.0,19.0
115470,197.0,81.0,22.0
115486,184.0,110.0,38.0
115697,182.0,62.0,26.0
115992,191.0,123.0,23.0
116102,181.0,68.0,20.0
116191,178.0,68.0,28.0
116295,179.0,76.0,28.0
116295,179.0,76.0,32.0
116331,175.0,63.0,22.0
116641,180.0,81.0,29.0
117552,184.0,77.0,25.0
117552,184.0,77.0,29.0
117747,160.0,54.0,22.0
118133,178.0,58.0,23.0
118133,178.0,58.0,23.0
118133,178.0,58.0,31.0
118215,191.0,120.0,23.0
118215,191.0,120.0,31.0
118509,168.0,47.0,25.0
118510,183.0,70.0,28.0
118596,194.0,80.0,29.0
118780,188.0,80.0,28.0
118855,188.0,84.0,21.0
118855,188.0,84.0,29.0
118870,188.0,81.0,22.0
118937,183.0,80.0,23.0
118937,183.0,80.0,23.0
119147,174.0,62.0,23.0
119147,174.0,62.0,23.0
119268,182.0,62.0,27.0
119268,182.0,62.0,31.0
119667,193.0,78.0,22.0
119676,187.0,84.0,22.0
119808,196.0,88.0,19.0
119808,196.0,88.0,23.0
119898,184.0,92.0,21.0
119900,168.0,55.0,27.0
119943,182.0,78.0,24.0
119949,188.0,80.0,23.0
119949,188.0,80.0,27.0
119961,183.0,89.0,27.0
120054,188.0,90.0,22.0
120054,188.0,90.0,26.0
120134,158.0,45.0,25.0
120201,180.0,75.0,20.0
120203,183.0,107.0,28.0
120312,186.0,110.0,32.0
120312,186.0,110.0,40.0
120385,194.0,118.0,25.0
120633,190.0,78.0,24.0
120780,181.0,59.0,24.0
120781,167.0,60.0,25.0
121356,193.0,125.0,32.0
121412,185.0,73.0,33.0
121580,180.0,72.0,21.0
121660,191.0,80.0,29.0
122374,163.0,54.0,24.0
122393,180.0,75.0,23.0
122439,188.0,92.0,26.0
122439,188.0,92.0,30.0
122581,188.0,82.0,27.0
122609,175.0,72.0,24.0
123034,203.0,120.0,28.0
123034,203.0,120.0,32.0
123088,185.0,82.0,18.0
123088,185.0,82.0,22.0
123155,182.0,76.0,18.0
123205,192.0,67.0,26.0
123288,178.0,74.0,26.0
123288,178.0,74.0,26.0
123628,175.0,68.0,21.0
123648,190.0,73.0,25.0
123788,191.0,84.0,25.0
124013,172.0,66.0,28.0
124089,185.0,78.0,23.0
124089,185.0,78.0,27.0
124241,191.0,76.0,22.0
124241,191.0,76.0,22.0
124804,183.0,70.0,24.0
125325,189.0,140.0,27.0
125346,182.0,80.0,37.0
125359,184.0,64.0,24.0
125730,175.0,70.0,28.0
126277,188.0,77.0,31.0
126334,185.0,60.0,28.0
126777,180.0,60.0,23.0
126777,180.0,60.0,23.0
126777,180.0,60.0,26.0
126777,180.0,60.0,26.0
126950,193.0,126.0,26.0
127190,184.0,74.0,20.0
127553,186.0,88.0,25.0
127580,178.0,68.0,34.0
127973,175.0,58.0,26.0
128033,183.0,90.0,23.0
128039,191.0,89.0,22.0
128039,191.0,89.0,26.0
128112,183.0,74.0,24.0
128283,185.0,120.0,24.0
128646,180.0,62.0,20.0
128675,163.0,51.0,21.0
128757,188.0,71.0,24.0
128757,188.0,71.0,24.0
128773,185.0,83.0,26.0
128815,185.0,71.0,21.0
129022,190.0,88.0,22.0
129022,190.0,88.0,22.0
129205,178.0,73.0,22.0
129329,176.0,63.0,29.0
129329,176.0,63.0,32.0
129338,175.0,71.0,18.0
129356,200.0,120.0,22.0
129409,178.0,75.0,22.0
129523,183.0,86.0,28.0
129523,183.0,86.0,28.0
129659,193.0,93.0,24.0
129704,191.0,86.0,29.0
129759,200.0,82.0,21.0
129943,187.0,76.0,21.0
130043,180.0,71.0,27.0
130059,185.0,76.0,23.0
130059,185.0,76.0,23.0
130059,185.0,76.0,23.0
130059,185.0,76.0,27.0
130278,187.0,71.0,24.0
130471,193.0,115.0,25.0
130565,178.0,68.0,28.0
130582,175.0,72.0,25.0
130657,178.0,69.0,19.0
130704,183.0,81.0,22.0
130704,183.0,81.0,26.0
130714,187.0,77.0,21.0
130725,177.0,72.0,21.0
130734,183.0,68.0,25.0
130734,183.0,68.0,33.0
131029,194.0,77.0,28.0
131029,194.0,77.0,32.0
131145,178.0,79.0,23.0
131283,170.0,54.0,36.0
131283,170.0,54.0,36.0
131283,170.0,54.0,40.0
131331,178.0,70.0,19.0
131336,176.0,88.0,26.0
131541,188.0,136.0,25.0
131609,181.0,77.0,23.0
131638,183.0,66.0,22.0
131711,173.0,70.0,21.0
131761,195.0,75.0,19.0
131761,195.0,75.0,23.0
131847,173.0,70.0,24.0
132276,177.0,70.0,24.0
132469,180.0,80.0,27.0
132776,175.0,94.0,27.0
132785,185.0,75.0,21.0
132887,183.0,81.0,21.0
132960,162.0,53.0,28.0
133194,195.0,93.0,23.0
133202,190.0,79.0,19.0
133205,175.0,67.0,31.0
133219,194.0,82.0,25.0
133512,175.0,75.0,30.0
134080,182.0,72.0,25.0
134080,182.0,72.0,29.0
134278,185.0,86.0,22.0
134278,185.0,86.0,26.0
134278,185.0,86.0,30.0
134712,190.0,82.0,23.0
134843,193.0,70.0,21.0
134948,173.0,69.0,28.0
135095,192.0,120.0,24.0
135313,190.0,102.0,23.0
135313,190.0,102.0,31.0
135409,175.0,62.0,20.0
135544,175.0,70.0,21.0
