ID,Height,Age,Weight
109,176.0,23.0,64.0
117,178.0,22.0,78.0
166,168.0,29.0,57.0
243,194.0,23.0,96.0
247,170.0,24.0,63.0
274,184.0,24.0,70.0
554,186.0,31.0,115.0
556,183.0,25.0,72.0
824,189.0,27.0,70.0
887,183.0,28.0,75.0
887,183.0,32.0,75.0
1117,181.0,30.0,76.0
1227,167.0,28.0,64.0
1326,196.0,28.0,72.0
1326,196.0,28.0,72.0
1702,170.0,19.0,68.0
1707,184.0,25.0,100.0
1734,173.0,25.0,67.0
1789,170.0,22.0,60.0
1839,160.0,23.0,52.0
1866,179.0,18.0,73.0
1871,167.0,26.0,60.0
1913,160.0,31.0,54.0
1930,177.0,18.0,68.0
1994,170.0,30.0,66.0
2032,173.0,17.0,65.0
2090,163.0,36.0,60.0
2127,175.0,24.0,70.0
2131,170.0,18.0,67.0
2196,182.0,23.0,72.0
2200,195.0,24.0,102.5
2281,185.0,31.0,105.0
2352,190.0,25.0,83.0
2680,168.0,20.0,63.0
2698,170.0,19.0,62.0
2775,183.0,26.0,76.0
2896,185.0,24.0,80.0
2922,175.0,26.0,64.0
2943,165.0,27.0,55.0
3316,193.0,24.0,70.0
3392,181.0,25.0,76.0
3417,171.0,28.0,59.0
3550,169.0,23.0,64.0
3716,182.0,27.0,65.0
3858,171.0,22.0,78.0
4032,173.0,22.0,60.0
4058,178.0,18.0,70.0
4067,172.0,26.0,72.0
4172,196.0,25.0,94.0
4179,170.0,37.0,58.0
4247,182.0,22.0,78.0
4386,180.0,26.0,78.0
4430,187.0,25.0,73.0
4550,173.0,26.0,72.0
4630,182.0,30.0,83.0
4660,178.0,21.0,73.0
4681,170.0,18.0,63.0
4711,184.0,25.0,115.0
4997,183.0,24.0,70.0
5082,187.0,22.0,77.0
5159,190.0,31.0,125.0
5442,190.0,29.0,75.0
5482,178.0,22.0,68.0
5540,178.0,33.0,66.0
5561,183.0,26.0,77.0
5583,162.0,20.0,52.0
5592,184.0,27.0,74.0
5697,166.0,21.0,49.0
5717,179.0,26.0,68.0
5760,187.0,33.0,75.0
6025,183.0,24.0,77.0
6165,182.0,24.0,75.0
6190,168.0,30.0,67.0
6336,168.0,27.0,64.0
6523,200.0,28.0,77.0
6657,173.0,28.0,61.0
6660,190.0,20.0,70.0
6662,173.0,29.0,68.0
6688,190.0,20.0,82.0
6737,172.0,32.0,58.0
6945,185.0,24.0,74.0
7005,169.0,26.0,98.0
7306,187.0,22.0,67.0
7519,172.0,25.0,64.0
7565,187.0,23.0,70.0
7660,174.0,21.0,70.0
7935,189.0,21.0,75.0
7965,179.0,21.0,76.0
8048,190.0,23.0,80.0
8049,194.0,28.0,86.0
8134,174.0,28.0,60.0
8152,178.0,25.0,60.0
8162,170.0,18.0,64.0
8243,174.0,26.0,70.0
8526,169.0,30.0,61.0
8526,169.0,34.0,61.0
8603,178.0,25.0,65.0
8647,170.0,19.0,59.0
8971,185.0,24.0,95.0
9416,196.0,27.0,94.0
9559,173.0,25.0,64.0
9917,165.0,30.0,58.0
9920,165.0,23.0,55.0
10018,181.0,21.0,70.0
10153,168.0,21.0,62.0
10184,175.0,27.0,70.0
10188,170.0,22.0,64.0
10634,190.0,25.0,77.0
10681,193.0,21.0,90.0
10742,180.0,30.0,72.0
10798,180.0,29.0,66.0
11153,175.0,22.0,60.0
11208,169.0,26.0,58.0
11378,184.0,27.0,77.0
11433,175.0,21.0,72.0
11468,175.0,24.0,59.0
11611,172.0,31.0,80.0
11631,183.0,27.0,78.0
12167,178.0,30.0,69.0
12221,168.0,30.0,58.0
12221,168.0,38.0,58.0
12351,186.0,25.0,80.0
12351,186.0,29.0,80.0
12398,180.0,22.0,68.0
12455,193.0,26.0,84.0
12457,176.0,24.0,68.0
12837,189.0,22.0,82.0
12861,178.0,28.0,73.0
12960,180.0,19.0,78.0
12994,188.0,25.0,82.0
13058,177.0,19.0,70.0
13162,180.0,22.0,76.0
13162,180.0,26.0,76.0
13173,185.0,27.0,74.0
13463,178.0,22.0,70.0
13542,180.0,22.0,72.0
14020,185.0,32.0,72.0
14024,180.0,28.0,64.0
14054,185.0,27.0,68.0
14072,176.0,27.0,60.0
14077,173.0,18.0,54.0
14285,194.0,21.0,93.0
14341,181.0,25.0,70.0
14464,190.0,23.0,125.0
14489,175.0,22.0,78.0
14532,183.0,28.0,75.0
14553,180.0,25.0,65.0
14625,176.0,27.0,66.0
14940,175.0,22.0,70.0
15495,176.0,23.0,70.0
15543,175.0,29.0,57.0
15571,180.0,22.0,73.0
15580,180.0,23.0,84.0
15609,178.0,29.0,66.0
15669,198.0,30.0,140.0
15688,186.0,25.0,77.0
15975,183.0,36.0,80.0
16028,180.0,23.0,75.0
16052,190.0,34.0,72.0
16086,185.0,31.0,77.5
16096,172.0,23.0,70.0
16209,196.0,33.0,120.0
16237,189.0,29.0,78.0
16373,170.0,18.0,64.0
16543,183.0,24.0,84.0
16683,173.0,21.0,64.0
16964,191.0,23.0,80.0
17033,186.0,25.0,90.0
17256,173.0,32.0,67.0
17285,168.0,25.0,51.0
17548,176.0,29.0,62.0
17560,196.0,27.0,84.0
17660,176.0,26.0,72.0
17976,170.0,28.0,60.0
18020,180.0,21.0,82.0
18058,166.0,28.0,60.0
18294,186.0,24.0,76.0
18692,170.0,37.0,63.0
18695,187.0,19.0,81.0
18695,187.0,23.0,81.0
18835,175.0,18.0,70.0
18890,169.0,28.0,58.0
18961,190.0,25.0,73.0
18988,173.0,19.0,70.0
19437,179.0,27.0,61.0
19635,177.0,23.0,73.0
19770,194.0,29.0,130.0
19888,178.0,21.0,74.0
19944,172.0,28.0,60.0
19944,172.0,37.0,60.0
20016,177.0,20.0,69.0
20157,164.0,28.0,55.0
20243,172.0,21.0,62.0
20365,172.0,23.0,70.0
20381,188.0,23.0,76.0
20456,158.0,18.0,52.0
20791,195.0,23.0,82.0
20811,174.0,26.0,58.0
20812,173.0,27.0,53.0
21406,190.0,23.0,82.0
21414,189.0,33.0,131.0
21770,184.0,30.0,78.0
22227,186.0,33.0,79.0
22377,169.0,27.0,54.0
22413,177.0,28.0,76.0
22468,180.0,32.0,77.0
22676,185.0,33.0,78.0
22683,175.0,27.0,79.0
22737,183.0,43.0,100.0
23025,197.0,26.0,85.0
23035,188.0,30.0,75.0
23084,186.0,25.0,78.0
23236,181.0,23.0,76.0
24476,181.0,20.0,69.0
24713,178.0,30.0,62.0
24738,180.0,24.0,71.0
24751,182.0,19.0,64.0
24787,190.0,26.0,92.0
24949,189.0,25.0,115.0
24969,175.0,22.0,69.0
25004,178.0,36.0,68.0
25113,185.0,24.0,79.0
25173,179.0,20.0,80.0
25635,185.0,30.0,77.0
25785,162.0,21.0,60.0
25812,185.0,24.0,74.0
26019,180.0,31.0,65.0
26028,176.0,26.0,67.0
26307,175.0,24.0,65.0
26375,166.0,27.0,66.0
26391,187.0,22.0,70.0
26396,188.0,31.0,70.0
26822,185.0,24.0,77.0
26826,186.0,20.0,73.0
27029,173.0,31.0,52.0
27029,173.0,31.0,52.0
27232,175.0,33.0,67.0
27634,177.0,21.0,77.0
28053,178.0,23.0,68.0
28053,178.0,27.0,68.0
28291,178.0,26.0,71.0
28303,190.0,21.0,78.0
28359,183.0,28.0,86.0
28750,168.0,25.0,57.0
28753,180.0,28.0,71.0
28860,186.0,26.0,80.0
28880,167.0,33.0,80.0
29133,178.0,23.0,77.0
29144,185.0,25.0,78.0
29207,183.0,25.0,79.0
29335,183.0,25.0,74.0
29336,189.0,24.0,83.0
29542,173.0,18.0,63.0
29604,185.0,20.0,74.0
29664,183.0,21.0,75.0
29750,180.0,21.0,80.0
29946,175.0,31.0,57.0
30167,165.0,20.0,65.0
30327,183.0,26.0,63.0
30629,190.0,22.0,80.0
30644,182.0,25.0,70.0
30730,162.0,20.0,54.0
30803,173.0,19.0,68.0
30829,189.0,24.0,85.0
31080,172.0,34.0,63.0
31097,185.0,19.0,76.0
31468,181.0,22.0,76.0
31527,191.0,34.0,90.0
31529,184.0,21.0,72.0
31552,174.0,30.0,65.0
31578,192.0,36.0,125.0
31629,171.0,27.0,72.0
31678,190.0,22.0,65.0
31678,190.0,30.0,65.0
31940,180.0,27.0,61.0
32033,188.0,28.0,70.0
32077,172.0,25.0,65.0
32182,175.0,26.0,69.0
32267,180.0,25.0,67.0
32515,178.0,31.0,69.0
32571,174.0,26.0,61.0
32744,176.0,28.0,77.0
32862,188.0,24.0,69.0
32872,178.0,31.0,70.0
33100,179.0,28.0,77.0
33168,182.0,26.0,73.0
33215,168.0,37.0,56.0
33422,177.0,23.0,72.0
33519,183.0,19.0,65.0
34124,187.0,34.0,98.0
34250,185.0,18.0,65.0
34336,190.0,26.0,75.0
34345,170.0,26.0,62.0
34456,181.0,25.0,85.0
34650,180.0,24.0,72.0
34835,175.0,27.0,62.0
34976,173.0,20.0,62.0
34976,173.0,24.0,62.0
35084,169.0,30.0,60.0
35310,174.0,31.0,68.0
35332,182.0,25.0,72.0
35983,182.0,27.0,65.0
36015,182.0,28.0,82.0
36176,161.0,27.0,60.0
36332,186.0,26.0,67.0
36656,188.0,28.0,75.0
36850,185.0,24.0,75.0
36879,170.0,22.0,64.0
36898,188.0,21.0,88.0
36902,188.0,22.0,83.0
37175,184.0,32.0,80.0
37235,178.0,27.0,65.0
37517,165.0,24.0,54.0
37578,179.0,23.0,69.0
37904,174.0,33.0,57.0
37968,175.0,32.0,69.0
38273,182.0,23.0,77.0
38493,165.0,29.0,47.0
38507,164.0,28.0,71.0
38535,168.0,24.0,56.0
38612,177.0,38.0,59.0
39191,181.0,25.0,80.0
39212,175.0,28.0,67.0
39285,178.0,19.0,56.0
39780,182.0,21.0,74.0
40056,165.0,17.0,60.0
40207,194.0,29.0,104.0
40213,197.0,23.0,85.0
40447,186.0,34.0,77.0
40521,182.0,19.0,72.0
40609,196.0,21.0,59.0
40702,169.0,23.0,66.0
40969,193.0,28.0,129.0
40969,193.0,32.0,129.0
41300,172.0,24.0,60.0
41319,182.0,21.0,63.0
41333,173.0,29.0,57.0
41476,182.0,24.0,70.0
41546,182.0,23.0,66.0
41720,178.0,21.0,82.0
41808,174.0,25.0,64.0
41811,172.0,22.0,75.0
42036,183.0,19.0,75.0
42052,176.0,19.0,64.0
42101,177.0,21.0,75.0
42101,177.0,25.0,75.0
42157,186.0,24.0,86.0
42273,186.0,22.0,81.0
42587,172.0,35.0,64.0
42610,167.0,31.0,68.0
42671,171.0,23.0,63.0
42969,175.0,19.0,69.0
42993,188.0,19.0,79.0
43147,172.0,31.0,61.0
43639,185.0,27.0,78.0
43793,187.0,22.0,78.0
43959,170.0,26.0,60.0
44076,188.0,25.0,81.0
44696,178.0,23.0,60.0
45327,178.0,22.0,67.0
45498,178.0,25.0,55.0
45563,178.0,23.0,66.0
45611,180.0,26.0,68.0
45942,194.0,24.0,135.0
45967,196.0,24.0,96.0
46030,175.0,20.0,63.0
46166,170.0,25.0,64.0
46191,181.0,20.0,81.0
46274,183.0,28.0,75.0
46315,189.0,23.0,85.0
46397,173.0,26.0,58.0
46483,185.0,25.0,76.0
46957,185.0,21.0,75.0
46957,185.0,21.0,75.0
47056,178.0,26.0,66.0
47103,195.0,32.0,90.0
47284,187.0,22.0,72.0
47289,175.0,34.0,63.0
47389,174.0,27.0,59.0
47488,183.0,24.0,80.0
47584,184.0,25.0,81.0
47661,196.0,21.0,120.0
47987,179.0,26.0,73.0
48010,165.0,27.0,55.0
48115,191.0,27.0,85.0
48134,194.0,21.0,87.0
48151,178.0,27.0,70.0
48156,172.0,33.0,65.0
48333,176.0,27.0,63.0
48429,178.0,25.0,68.0
48592,167.0,33.0,61.0
48651,188.0,24.0,67.0
48652,179.0,27.0,53.0
48683,178.0,26.0,64.0
48882,190.0,32.0,115.0
48896,170.0,25.0,67.0
49081,192.0,25.0,80.0
49228,180.0,30.0,65.0
49274,170.0,18.0,64.0
49448,181.0,32.0,71.0
49616,183.0,28.0,72.0
49660,167.0,22.0,55.0
49751,174.0,30.0,66.0
49818,174.0,23.0,68.0
50076,194.0,28.0,128.0
50146,175.0,27.0,57.0
50150,172.0,26.0,65.0
50272,188.0,26.0,77.0
51280,185.0,26.0,71.0
51441,178.0,26.0,74.0
51723,176.0,22.0,76.0
51807,187.0,27.0,75.0
51966,182.0,24.0,66.0
52044,184.0,26.0,70.0
52431,174.0,20.0,70.0
52490,165.0,32.0,54.0
52584,178.0,28.0,70.0
52592,170.0,19.0,63.0
52678,182.0,30.0,72.0
52810,202.0,24.0,144.0
53124,180.0,27.0,62.0
53190,183.0,24.0,77.0
53449,180.0,29.0,70.0
53599,187.0,29.0,106.0
53674,200.0,29.0,99.0
53852,180.0,28.0,74.0
53854,183.0,35.0,84.0
54009,180.0,24.0,70.0
54273,190.0,24.0,82.0
54311,181.0,21.0,70.0
54646,178.0,21.0,75.0
54694,172.0,29.0,59.0
55316,197.0,23.0,115.0
55360,180.0,25.0,73.0
55414,178.0,22.0,77.0
55569,170.0,29.0,70.0
55641,187.0,20.0,67.0
55644,179.0,20.0,76.0
55726,180.0,34.0,78.0
55798,187.0,23.0,75.0
55905,185.0,26.0,80.0
55950,160.0,18.0,50.0
55950,160.0,18.0,50.0
56529,170.0,25.0,68.0
56572,180.0,27.0,75.0
56710,170.0,29.0,63.0
56835,185.0,24.0,80.0
56840,173.0,22.0,66.0
57008,188.0,24.0,79.0
57138,176.0,20.0,68.0
57382,170.0,18.0,61.0
57420,174.0,27.0,62.0
57471,178.0,22.0,64.0
57492,182.0,24.0,115.0
57577,194.0,20.0,120.0
57756,183.0,24.0,76.5
57759,184.0,27.0,69.0
57761,167.0,28.0,52.0
57772,186.0,29.0,65.0
57829,194.0,28.0,86.0
57829,194.0,32.0,86.0
57912,175.0,29.0,66.0
58025,180.0,20.0,73.0
58227,175.0,22.0,54.0
58298,178.0,38.0,68.0
58438,170.0,18.0,72.0
58438,170.0,18.0,72.0
58438,170.0,22.0,72.0
58472,150.0,27.0,55.0
58561,180.0,28.0,75.0
58614,167.0,26.0,52.0
59065,186.0,22.0,68.0
59068,174.0,27.0,64.0
59118,176.0,32.0,74.0
59157,169.0,21.0,61.0
59168,182.0,26.0,61.0
59524,167.0,27.0,58.0
59581,197.0,38.0,115.0
59673,184.0,26.0,75.0
60083,178.0,21.0,70.0
60311,170.0,21.0,60.0
60466,185.0,27.0,90.0
60546,187.0,28.0,91.0
60582,176.0,26.0,72.0
60611,167.0,18.0,53.0
60617,185.0,25.0,68.0
60686,178.0,28.0,66.0
60917,178.0,29.0,73.0
60942,182.0,25.0,74.0
60950,185.0,26.0,75.0
61133,179.0,25.0,78.0
61366,177.0,23.0,70.0
61397,195.0,26.0,115.0
62078,193.0,28.0,125.0
62118,182.0,24.0,73.0
62669,180.0,29.0,71.0
62740,188.0,26.0,81.0
62792,177.0,33.0,54.0
62799,189.0,29.0,78.0
62932,168.0,23.0,60.0
63239,180.0,27.0,58.0
63279,186.0,22.0,80.0
63282,178.0,30.0,79.0
63428,204.0,29.0,132.0
63502,172.0,25.0,58.0
63678,168.0,37.0,56.0
63758,183.0,26.0,70.0
63938,198.0,27.0,83.0
64170,183.0,28.0,74.0
64466,182.0,26.0,79.0
64561,181.0,27.0,72.0
64638,184.0,20.0,82.0
64688,187.0,21.0,76.0
64915,182.0,29.0,85.0
64926,180.0,23.0,74.0
64943,173.0,21.0,61.0
64974,178.0,30.0,68.0
65070,198.0,27.0,119.0
65120,184.0,24.0,76.0
65268,172.0,19.0,55.0
65617,178.0,22.0,57.0
65729,190.0,25.0,82.0
65855,172.0,34.0,58.0
66002,164.0,23.0,55.0
66010,186.0,30.0,70.0
66358,182.0,22.0,69.0
66499,172.0,35.0,60.0
66590,182.0,24.0,73.0
66612,179.0,24.0,69.0
66626,182.0,22.0,73.0
66791,189.0,26.0,75.0
67006,190.0,29.0,77.0
67043,182.0,28.0,82.0
67133,168.0,23.0,70.0
67205,187.0,24.0,62.0
67312,180.0,22.0,93.0
67351,170.0,26.0,71.0
67633,184.0,26.0,78.0
67637,180.0,37.0,65.0
67787,167.0,39.0,56.0
67868,185.0,24.0,74.0
67941,178.0,21.0,62.0
68028,176.0,23.0,84.0
68072,171.0,23.0,59.0
68287,194.0,22.0,85.0
68787,173.0,24.0,64.0
68882,181.0,21.0,75.0
69183,179.0,25.0,64.0
69450,168.0,24.0,55.0
69462,179.0,23.0,67.0
69519,178.0,22.0,65.0
69595,173.0,20.0,60.0
69693,182.0,21.0,74.0
69782,185.0,22.0,89.0
69847,191.0,27.0,94.0
70205,189.0,29.0,110.0
70249,178.0,23.0,64.0
70249,178.0,30.0,64.0
70332,191.0,27.0,66.0
70486,188.0,26.0,75.0
70532,183.0,31.0,78.0
70664,190.0,20.0,77.0
70841,174.0,29.0,56.0
70846,173.0,27.0,68.0
70866,180.0,20.0,77.0
71451,171.0,24.0,71.0
71629,192.0,27.0,86.0
71678,179.0,21.0,115.0
71688,184.0,26.0,79.0
71734,188.0,28.0,94.0
72253,188.0,28.0,75.0
72787,191.0,28.0,70.0
72801,176.0,28.0,62.0
72862,180.0,32.0,73.0
72907,196.0,22.0,92.0
73134,181.0,28.0,93.0
73180,176.0,27.0,67.0
73313,167.0,26.0,55.0
73343,183.0,26.0,64.0
73412,187.0,20.0,77.0
73555,182.0,25.0,81.0
73605,187.0,26.0,80.0
73623,188.0,24.0,84.0
73691,168.0,30.0,63.0
73771,186.0,27.0,80.0
74003,183.0,21.0,63.0
74049,187.0,31.0,73.0
74060,172.0,20.0,63.0
74070,184.0,34.0,72.0
74078,192.0,31.0,120.0
74229,185.0,29.0,76.0
74237,170.0,21.0,70.0
74254,180.0,24.0,69.0
74289,162.0,35.0,50.0
74333,191.0,27.0,90.0
74387,177.0,23.0,80.0
74565,178.0,22.0,64.0
74589,180.0,24.0,73.0
74651,160.0,22.0,60.0
74750,197.0,23.0,117.0
74903,192.0,25.0,110.0
74971,190.0,28.0,84.0
75019,198.0,28.0,112.0
75027,193.0,19.0,83.0
75031,180.0,30.0,78.0
75133,173.0,27.0,62.0
75162,185.0,26.0,78.0
75176,188.0,25.0,78.0
75371,187.0,19.0,78.0
75387,178.0,30.0,72.0
75399,198.0,23.0,90.0
75844,180.0,23.0,83.0
76125,176.0,21.0,66.0
76126,181.0,23.0,78.0
76499,175.0,26.0,70.0
76655,183.0,37.0,80.0
76885,176.0,25.0,61.0
77050,182.0,36.0,78.0
77107,174.0,20.0,67.0
77188,187.0,22.0,84.0
77301,183.0,33.0,68.0
77612,193.0,25.0,105.0
77657,178.0,27.0,67.0
77964,183.0,25.0,76.0
78152,170.0,19.0,60.0
78155,180.0,23.0,74.0
78227,175.0,23.0,64.0
78235,194.0,20.0,86.0
78242,172.0,23.0,57.0
78294,184.0,21.0,68.0
78324,178.0,24.0,67.0
78324,178.0,32.0,67.0
78330,178.0,21.0,65.0
78657,170.0,30.0,59.0
78718,189.0,27.0,76.0
78944,178.0,34.0,72.0
78951,182.0,33.0,61.0
79131,176.0,26.0,72.0
79335,180.0,26.0,76.0
79554,183.0,28.0,73.0
79625,195.0,23.0,86.0
79781,180.0,26.0,82.5
80061,174.0,21.0,65.0
80128,179.0,25.0,63.0
80342,183.0,23.0,71.0
80428,183.0,21.0,71.0
80791,188.0,21.0,78.0
80803,188.0,28.0,67.0
80852,168.0,22.0,62.0
80906,175.0,19.0,65.0
81052,182.0,20.0,70.0
81061,157.0,31.0,52.0
81141,172.0,35.0,62.0
81275,188.0,24.0,78.0
81955,168.0,22.0,65.0
81955,168.0,22.0,65.0
81955,168.0,26.0,65.0
81957,162.0,24.0,54.0
82131,183.0,28.0,78.0
82312,190.0,23.0,110.0
82354,170.0,34.0,64.0
82469,189.0,25.0,90.0
82652,172.0,29.0,65.0
82783,168.0,26.0,55.0
82783,168.0,26.0,55.0
82835,188.0,19.0,130.0
82976,190.0,23.0,120.0
83217,163.0,29.0,56.0
83256,207.0,26.0,130.0
83404,176.0,31.0,73.0
83503,181.0,30.0,90.0
83507,168.0,26.0,58.0
83520,183.0,25.0,70.0
83686,180.0,37.0,56.0
83696,171.0,34.0,54.0
83721,196.0,33.0,123.0
83725,175.0,24.0,68.0
83745,175.0,30.0,64.0
83897,180.0,26.0,68.0
84019,176.0,25.0,67.0
84116,188.0,26.0,74.0
84141,198.0,26.0,125.0
84164,176.0,21.0,70.0
84221,178.0,19.0,65.0
84240,193.0,18.0,63.0
84301,180.0,21.0,73.0
84334,178.0,37.0,79.0
84386,180.0,32.0,57.0
84547,165.0,21.0,70.0
84771,188.0,29.0,80.0
84885,163.0,23.0,63.0
84893,182.0,25.0,66.0
84895,182.0,30.0,67.0
84912,185.0,26.0,83.0
84918,170.0,21.0,61.0
84933,167.0,29.0,62.0
84934,183.0,19.0,68.0
85060,183.0,26.0,70.0
85196,176.0,25.0,60.0
85196,176.0,25.0,60.0
85264,193.0,33.0,95.0
85357,187.0,26.0,90.0
85717,157.0,27.0,58.0
85774,178.0,30.0,63.0
85975,184.0,24.0,78.0
85975,184.0,28.0,78.0
86113,195.0,27.0,83.0
86231,184.0,24.0,84.0
86472,189.0,29.0,80.0
86628,172.0,28.0,82.0
87268,190.0,24.0,79.0
87400,190.0,25.0,77.0
87455,170.0,25.0,68.0
87459,170.0,24.0,73.0
87487,195.0,22.0,84.0
87667,180.0,22.0,70.0
87674,190.0,32.0,111.0
87787,195.0,21.0,79.0
88032,178.0,35.0,66.0
88483,173.0,25.0,61.0
88489,173.0,29.0,60.0
88508,172.0,33.0,64.0
88585,175.0,25.0,72.0
88843,187.0,23.0,76.0
89025,173.0,21.0,69.0
89091,185.0,24.0,76.0
89091,185.0,24.0,76.0
89140,168.0,32.0,65.0
89174,197.0,34.0,92.0
89199,174.0,28.0,59.0
89301,191.0,26.0,85.0
89590,172.0,21.0,54.0
89667,175.0,22.0,60.0
89693,180.0,19.0,75.0
89723,182.0,23.0,77.0
89729,194.0,21.0,104.0
89798,181.0,22.0,72.0
90005,178.0,28.0,66.0
90035,180.0,22.0,64.0
90035,180.0,26.0,64.0
90114,172.0,30.0,69.0
90243,180.0,32.0,75.0
90244,173.0,24.0,64.0
90247,195.0,23.0,76.0
90296,177.0,26.0,60.0
90366,176.0,22.0,86.0
90366,176.0,30.0,86.0
90619,186.0,23.0,67.0
90619,186.0,27.0,67.0
90889,175.0,27.0,57.0
91031,175.0,21.0,64.0
91227,192.0,22.0,75.0
91255,176.0,29.0,63.0
91375,162.0,38.0,50.0
91464,173.0,30.0,67.0
91526,180.0,26.0,95.0
91756,193.0,24.0,81.0
91815,190.0,24.0,78.0
92148,180.0,24.0,70.0
92148,180.0,28.0,70.0
92970,166.0,25.0,57.0
93054,194.0,25.0,81.0
93140,190.0,25.0,80.0
93182,188.0,26.0,75.0
93395,163.0,30.0,58.0
93408,173.0,23.0,64.0
93547,175.0,21.0,70.0
93768,184.0,31.0,75.0
93827,170.0,29.0,62.0
93827,170.0,33.0,62.0
94013,174.0,23.0,62.0
94104,169.0,29.0,62.0
94278,190.0,22.0,125.0
94423,183.0,21.0,77.0
94430,178.0,27.0,69.0
94469,185.0,22.0,73.0
94745,188.0,20.0,78.0
94941,178.0,23.0,70.0
94974,185.0,26.0,100.0
95052,181.0,36.0,69.0
95130,187.0,25.0,73.0
95232,195.0,21.0,94.0
95304,193.0,26.0,80.0
95431,191.0,28.0,87.0
95501,191.0,19.0,83.0
95663,185.0,21.0,75.0
95663,185.0,21.0,75.0
95694,178.0,24.0,64.0
96008,172.0,20.0,56.0
96184,175.0,41.0,72.0
96261,174.0,28.0,68.0
96440,185.0,33.0,75.0
96441,185.0,27.0,74.0
96443,187.0,26.0,80.0
96541,175.0,34.0,60.0
96628,188.0,32.0,77.0
96705,183.0,25.0,60.0
96802,184.0,27.0,82.0
96975,180.0,21.0,66.0
97128,188.0,23.0,75.0
97191,184.0,31.0,69.0
97229,194.0,28.0,80.0
97480,188.0,28.0,98.0
97661,175.0,28.0,68.0
97742,176.0,26.0,74.0
97825,167.0,30.0,67.0
97993,163.0,26.0,56.0
98045,166.0,26.0,56.0
98143,180.0,20.0,61.0
98350,179.0,27.0,67.0
98432,186.0,27.0,72.0
98459,183.0,20.0,76.0
98559,180.0,29.0,68.0
99086,163.0,28.0,59.0
99153,171.0,20.0,56.0
99443,187.0,26.0,87.0
99519,187.0,24.0,67.0
99692,177.0,20.0,73.0
99735,178.0,25.0,75.0
99767,170.0,24.0,51.0
99806,188.0,28.0,100.0
100388,190.0,23.0,95.0
100388,190.0,31.0,95.0
100480,178.0,30.0,75.0
100658,183.0,21.0,75.0
100658,183.0,29.0,75.0
100963,170.0,34.0,50.0
101035,191.0,30.0,78.0
101124,175.0,24.0,59.0
101187,176.0,28.0,66.0
101235,188.0,24.0,75.0
101290,173.0,31.0,68.0
101292,188.0,27.0,82.0
101323,178.0,21.0,70.0
101413,187.0,23.0,76.0
101421,175.0,21.0,75.0
101455,185.0,36.0,72.0
101694,181.0,21.0,72.0
101827,174.0,37.0,62.0
101934,175.0,35.0,73.0
101954,173.0,24.0,69.0
102237,180.0,24.0,74.0
102332,178.0,18.0,72.0
102439,198.0,25.0,81.0
102501,170.0,28.0,51.0
102889,163.0,27.0,45.0
102947,180.0,27.0,85.0
102972,183.0,21.0,76.0
103116,190.0,32.0,110.0
103288,184.0,23.0,64.0
103536,179.0,22.0,79.0
103570,180.0,26.0,76.0
103693,161.0,24.0,54.0
103759,182.0,24.0,84.0
103820,198.0,23.0,83.0
103895,174.0,26.0,65.0
103999,178.0,21.0,72.0
104036,178.0,20.0,65.0
104040,192.0,25.0,94.0
104058,185.0,25.0,68.0
104200,183.0,21.0,116.0
104222,178.0,26.0,74.0
104231,171.0,25.0,69.0
104360,191.0,24.0,73.0
104449,178.0,20.0,66.0
104501,185.0,25.0,83.0
104514,183.0,25.0,72.0
104547,182.0,34.0,72.0
104619,177.0,25.0,72.0
104858,180.0,25.0,69.0
104880,178.0,21.0,70.0
105359,171.0,21.0,52.0
105379,174.0,25.0,67.0
105393,191.0,30.0,82.0
105508,188.0,23.0,88.0
105723,196.0,35.0,148.0
105753,174.0,19.0,72.0
105842,192.0,28.0,82.0
105846,165.0,32.0,70.0
105943,178.0,27.0,88.0
105954,185.0,27.0,77.0
105973,169.0,46.0,54.0
106120,183.0,24.0,68.0
106184,180.0,24.0,67.0
106237,192.0,23.0,72.0
106246,200.0,27.0,105.0
106265,184.0,26.0,95.0
106298,190.0,24.0,75.0
106341,183.0,28.0,73.0
106355,182.0,29.0,111.0
106741,180.0,29.0,68.0
106992,177.0,26.0,65.0
107552,197.0,26.0,118.0
107602,183.0,36.0,70.0
107655,192.0,24.0,79.0
107665,201.0,29.0,99.0
107787,191.0,23.0,78.0
108076,178.0,21.0,66.0
108084,175.0,28.0,64.0
108147,185.0,28.0,78.0
108182,179.0,30.0,77.0
108328,181.0,27.0,64.0
108503,165.0,23.0,59.0
108509,178.0,26.0,64.0
108569,166.0,28.0,66.0
108726,191.0,22.0,79.0
108776,178.0,30.0,68.0
108957,193.0,30.0,125.0
109112,166.0,17.0,65.0
109331,178.0,23.0,73.0
109486,178.0,20.0,68.0
109513,183.0,32.0,60.0
109930,191.0,21.0,82.0
109983,189.0,33.0,80.0
110138,185.0,18.0,70.0
110177,177.0,25.0,73.0
110177,177.0,29.0,73.0
110212,188.0,26.0,120.0
110216,195.0,26.0,135.0
110439,191.0,23.0,118.0
110473,181.0,31.0,73.0
110493,178.0,18.0,78.0
110527,188.0,21.0,84.0
110545,182.0,30.0,65.0
110584,191.0,31.0,114.0
110598,172.0,29.0,70.0
110601,180.0,24.0,70.0
110758,165.0,25.0,52.0
110846,178.0,26.0,70.0
110854,177.0,18.0,66.0
110913,186.0,29.0,78.0
111293,170.0,22.0,64.0
111311,178.0,20.0,62.0
111437,173.0,22.0,68.0
111802,165.0,22.0,60.0
111846,186.0,33.0,106.0
111853,183.0,24.0,83.0
111982,185.0,23.0,77.0
112207,178.0,27.0,69.0
112277,185.0,29.0,105.0
112353,190.0,23.0,90.0
112358,195.0,24.0,98.0
112548,182.0,26.0,77.0
112699,185.0,36.0,96.0
112750,200.0,22.0,120.0
112820,187.0,33.0,107.0
112820,187.0,37.0,107.0
112828,186.0,28.0,73.0
112845,175.0,27.0,110.0
112971,186.0,19.0,73.0
113015,179.0,24.0,69.0
113205,186.0,21.0,71.0
113248,165.0,24.0,60.0
113255,178.0,26.0,62.0
113390,166.0,23.0,63.0
113753,187.0,19.0,76.0
113758,175.0,30.0,62.0
113786,182.0,21.0,68.0
113849,178.0,28.0,57.0
114080,167.0,20.0,63.0
114426,186.0,21.0,88.0
114426,186.0,25.0,88.0
114470,176.0,27.0,62.0
114588,182.0,23.0,78.0
114717,176.0,31.0,54.0
114815,197.0,24.0,92.0
114821,180.0,26.0,77.0
114865,181.0,33.0,73.0
115089,183.0,24.0,78.0
115089,183.0,28.0,78.0
115159,175.0,22.0,66.0
115381,188.0,27.0,75.0
115457,175.0,29.0,61.0
115457,175.0,34.0,61.0
115509,198.0,26.0,117.0
115644,186.0,26.0,93.0
116179,174.0,29.0,60.0
116188,177.0,22.0,65.0
116191,178.0,20.0,68.0
116212,185.0,24.0,65.0
116295,179.0,28.0,76.0
116318,182.0,27.0,73.0
116641,180.0,29.0,81.0
116724,174.0,31.0,58.0
116931,185.0,23.0,73.0
116983,185.0,32.0,69.0
117041,187.0,27.0,110.0
117087,175.0,30.0,72.0
117176,171.0,32.0,71.0
117180,172.0,23.0,54.0
117202,176.0,28.0,71.0
117385,190.0,22.0,80.0
117545,176.0,27.0,62.0
117819,191.0,21.0,65.0
117941,179.0,28.0,63.0
117983,186.0,25.0,64.0
118172,163.0,26.0,67.0
118187,168.0,26.0,62.0
118220,196.0,27.0,120.0
118220,196.0,35.0,120.0
118413,175.0,22.0,67.0
118816,176.0,24.0,66.5
118955,178.0,21.0,60.0
119029,185.0,25.0,102.0
119076,188.0,28.0,90.0
119102,180.0,24.0,70.0
119106,186.0,24.0,78.0
119759,165.0,25.0,57.0
119923,170.0,24.0,57.0
120019,162.0,22.0,61.0
120170,179.0,33.0,67.0
120187,184.0,26.0,80.0
120193,200.0,30.0,110.0
120621,188.0,24.0,63.0
120701,191.0,27.0,83.0
120750,178.0,29.0,72.0
120796,187.0,26.0,85.0
120876,177.0,30.0,67.0
120962,197.0,26.0,81.0
121115,178.0,23.0,63.0
121144,172.0,32.0,63.0
121317,185.0,24.0,76.0
121395,176.0,36.0,63.0
121495,185.0,21.0,70.0
121629,187.0,24.0,82.0
121719,178.0,24.0,66.0
121740,183.0,23.0,80.0
121800,192.0,20.0,84.0
122084,182.0,21.0,70.0
122352,176.0,23.0,70.0
122719,187.0,23.0,85.0
122771,175.0,25.0,65.0
122958,198.0,28.0,87.0
122980,190.0,35.0,70.0
123079,179.0,25.0,128.0
123086,187.0,23.0,78.0
123177,173.0,26.0,60.0
123347,180.0,29.0,72.0
123443,172.0,35.0,60.0
123447,174.0,30.0,62.0
123497,178.0,39.0,100.0
123650,178.0,30.0,75.0
123680,180.0,23.0,69.0
123709,180.0,26.0,69.0
123955,173.0,24.0,65.0
124028,169.0,21.0,57.0
124513,184.0,25.0,70.0
125202,193.0,30.0,84.0
125596,182.0,29.0,73.0
125730,175.0,32.0,70.0
125791,187.0,24.0,95.0
125908,186.0,29.0,71.0
125908,186.0,33.0,71.0
125909,155.0,27.0,47.0
125913,186.0,21.0,74.0
125916,165.0,25.0,77.0
125990,187.0,28.0,83.0
126097,174.0,25.0,58.0
126098,174.0,25.0,61.0
126301,188.0,24.0,83.0
126334,185.0,24.0,60.0
126427,175.0,28.0,59.0
126440,174.0,21.0,71.0
126708,183.0,25.0,78.0
126732,174.0,24.0,63.0
126950,193.0,38.0,126.0
126969,172.0,29.0,52.0
127136,187.0,27.0,85.0
127488,174.0,29.0,71.0
128773,185.0,22.0,83.0
128806,182.0,21.0,62.0
129002,167.0,24.0,58.0
129053,175.0,26.0,68.0
129329,176.0,36.0,63.0
129346,197.0,28.0,122.0
129346,197.0,32.0,122.0
129369,188.0,22.0,81.0
129404,191.0,35.0,119.0
129419,193.0,25.0,120.0
129516,175.0,21.0,72.0
129636,178.0,21.0,69.0
129704,191.0,22.0,86.0
129755,181.0,25.0,84.0
130025,170.0,34.0,59.0
130052,189.0,28.0,72.0
130072,185.0,41.0,72.0
130169,183.0,25.0,74.0
130170,190.0,23.0,86.0
130284,190.0,24.0,90.0
130542,192.0,31.0,82.0
130596,170.0,30.0,62.0
130640,172.0,32.0,65.0
130734,183.0,21.0,68.0
130923,177.0,28.0,62.0
131047,187.0,22.0,83.0
131144,196.0,28.0,85.0
131283,170.0,24.0,54.0
131521,180.0,24.0,73.0
131739,189.0,27.0,80.0
131739,189.0,27.0,80.0
131965,177.0,22.0,65.0
132027,184.0,22.0,78.0
132177,177.0,21.0,69.0
132303,170.0,24.0,58.0
132379,178.0,24.0,65.0
132564,190.0,24.0,75.0
132580,178.0,15.0,68.0
132641,178.0,34.0,68.0
133046,181.0,26.0,77.0
133718,180.0,27.0,87.0
133825,175.0,26.0,70.0
134084,184.0,26.0,70.0
134265,175.0,27.0,65.0
134363,195.0,24.0,81.0
134363,195.0,24.0,81.0
134373,186.0,29.0,86.0
134489,186.0,29.0,120.0
134633,182.0,24.0,65.0
134898,184.0,26.0,74.0
135095,192.0,36.0,120.0
135124,182.0,26.0,74.0
135246,199.0,29.0,75.0
86,182.0,26.0,67.0
379,160.0,21.0,50.0
411,166.0,22.0,58.0
923,186.0,22.0,78.0
963,188.0,26.0,80.0
1270,172.0,26.0,64.0
1561,180.0,20.0,62.0
1569,185.0,25.0,81.0
1569,185.0,33.0,81.0
1673,188.0,22.0,77.0
2170,191.0,23.0,72.0
2469,200.0,32.0,130.0
2469,200.0,36.0,130.0
2760,187.0,28.0,75.0
2892,180.0,23.0,73.0
3011,182.0,28.0,70.0
4094,191.0,25.0,118.0
4179,170.0,34.0,58.0
4617,167.0,26.0,63.0
4667,175.0,24.0,58.0
4667,175.0,28.0,58.0
4674,184.0,22.0,120.0
4782,180.0,28.0,62.0
5106,178.0,23.0,65.0
5150,173.0,30.0,70.0
5159,190.0,27.0,125.0
5446,179.0,24.0,68.0
5482,178.0,26.0,68.0
5561,183.0,26.0,77.0
5578,180.0,22.0,75.0
5702,192.0,29.0,120.0
5991,189.0,24.0,88.0
6025,183.0,28.0,77.0
6123,191.0,24.0,89.0
6123,191.0,27.0,89.0
6164,172.0,19.0,74.0
6272,188.0,20.0,84.0
6406,199.0,19.0,86.0
6448,188.0,22.0,70.0
6594,195.0,27.0,102.0
6642,188.0,31.0,79.0
6662,173.0,21.0,68.0
6810,194.0,29.0,135.0
6890,183.0,28.0,82.0
6901,180.0,31.0,65.0
6912,193.0,20.0,84.0
6932,175.0,22.0,65.0
7038,183.0,25.0,72.0
7430,180.0,22.0,75.0
7605,184.0,22.0,79.0
7968,195.0,22.0,132.0
7968,195.0,30.0,132.0
8058,174.0,21.0,66.0
8059,172.0,21.0,63.0
8152,178.0,21.0,60.0
8204,190.0,21.0,65.0
8243,174.0,23.0,70.0
8243,174.0,26.0,70.0
8267,173.0,25.0,68.0
8385,198.0,31.0,130.0
8417,181.0,29.0,80.0
8556,180.0,22.0,86.0
8752,178.0,27.0,62.0
8789,176.0,21.0,61.0
8794,190.0,23.0,71.0
8828,170.0,23.0,68.0
8900,183.0,27.0,59.0
8902,173.0,19.0,52.0
9185,191.0,24.0,82.0
9237,178.0,21.0,78.0
9343,176.0,25.0,74.0
9487,165.0,26.0,56.0
9487,165.0,26.0,56.0
9490,173.0,25.0,65.0
9634,191.0,28.0,77.0
9638,174.0,26.0,68.0
9848,180.0,31.0,65.0
9998,178.0,25.0,91.0
10158,188.0,28.0,98.0
10188,170.0,22.0,64.0
10689,185.0,22.0,77.0
10798,180.0,21.0,66.0
11143,195.0,20.0,135.0
11143,195.0,24.0,135.0
11145,191.0,19.0,108.0
11380,178.0,29.0,67.0
11424,184.0,24.0,79.0
11467,177.0,28.0,57.0
11467,177.0,32.0,57.0
11839,173.0,22.0,58.0
11839,173.0,26.0,58.0
11983,186.0,21.0,80.0
11988,190.0,26.0,79.0
11988,190.0,30.0,79.0
11988,190.0,30.0,79.0
12086,180.0,22.0,80.0
12086,180.0,22.0,80.0
12086,180.0,26.0,80.0
12244,180.0,24.0,88.0
12882,180.0,23.0,68.0
12946,176.0,26.0,75.0
12946,176.0,26.0,75.0
13018,173.0,30.0,64.0
13029,196.0,21.0,95.0
13029,196.0,25.0,95.0
13029,196.0,25.0,95.0
13029,196.0,25.0,95.0
13071,177.0,23.0,61.0
13127,183.0,36.0,113.0
13131,198.0,26.0,77.0
13404,178.0,21.0,63.0
13428,180.0,29.0,68.0
13691,183.0,22.0,80.0
13691,183.0,22.0,80.0
13691,183.0,22.0,80.0
13797,187.0,21.0,74.0
14025,167.0,26.0,60.0
14128,183.0,27.0,75.0
14172,171.0,21.0,60.0
14383,181.0,27.0,66.0
14544,190.0,25.0,89.0
14810,183.0,22.0,75.0
15001,185.0,26.0,81.0
15001,185.0,26.0,81.0
15075,191.0,23.0,116.0
15097,188.0,24.0,81.0
15309,179.0,31.0,77.0
15460,198.0,24.0,79.0
15473,180.0,22.0,74.0
15488,178.0,29.0,75.0
15488,178.0,37.0,75.0
15571,180.0,22.0,73.0
15704,176.0,27.0,61.0
15730,185.0,22.0,79.0
15930,181.0,26.0,79.0
16430,172.0,28.0,60.0
16677,193.0,27.0,72.0
16698,183.0,25.0,91.0
16721,183.0,25.0,82.0
16819,191.0,21.0,80.0
17174,172.0,29.0,59.0
17213,175.0,23.0,65.0
17213,175.0,27.0,65.0
17300,175.0,25.0,55.0
17437,185.0,23.0,75.0
17476,179.0,26.0,75.0
17478,189.0,24.0,86.0
17478,189.0,28.0,86.0
17606,180.0,26.0,79.0
17618,188.0,28.0,79.0
17697,183.0,27.0,83.0
17697,183.0,30.0,83.0
17737,190.0,18.0,94.0
17737,190.0,22.0,94.0
17750,188.0,28.0,77.0
17976,170.0,24.0,60.0
18216,176.0,25.0,63.0
18290,193.0,23.0,85.0
18481,191.0,21.0,84.0
18481,191.0,21.0,84.0
18683,196.0,23.0,93.0
18740,188.0,26.0,79.0
19335,176.0,26.0,65.0
19630,183.0,21.0,73.0
20134,163.0,19.0,54.0
21313,189.0,28.0,94.0
21406,190.0,27.0,82.0
21550,170.0,25.0,59.0
21550,170.0,29.0,59.0
21851,178.0,20.0,78.0
21881,183.0,27.0,72.0
21947,180.0,28.0,83.0
21954,181.0,21.0,72.0
21954,181.0,21.0,72.0
21990,188.0,22.0,86.0
22002,180.0,25.0,74.0
22157,195.0,22.0,102.0
22162,178.0,29.0,70.0
22162,178.0,29.0,70.0
22207,175.0,23.0,54.0
22676,185.0,21.0,78.0
22676,185.0,29.0,78.0
22698,183.0,25.0,106.0
22821,183.0,21.0,68.0
22821,183.0,25.0,68.0
22850,185.0,26.0,72.0
22941,188.0,23.0,85.0
22941,188.0,23.0,85.0
22978,191.0,29.0,85.0
23482,188.0,23.0,81.0
23482,188.0,23.0,81.0
23668,186.0,23.0,69.0
23711,187.0,25.0,90.0
23723,181.0,26.0,86.0
23723,181.0,30.0,86.0
23963,183.0,23.0,71.0
23974,201.0,23.0,125.0
24043,187.0,25.0,74.0
24252,170.0,24.0,62.0
24274,180.0,20.0,71.0
24440,188.0,22.0,72.0
24635,186.0,21.0,74.0
24678,178.0,24.0,69.0
24678,178.0,29.0,69.0
24684,187.0,23.0,78.0
24684,187.0,27.0,78.0
24689,186.0,29.0,88.0
24731,187.0,31.0,74.0
25111,183.0,23.0,70.0
25111,183.0,27.0,70.0
25111,183.0,31.0,70.0
25157,193.0,27.0,123.0
25157,193.0,31.0,123.0
25157,193.0,35.0,123.0
25228,182.0,23.0,88.0
25284,198.0,31.0,125.0
25284,198.0,35.0,125.0
25546,186.0,25.0,84.0
25635,185.0,22.0,77.0
25669,203.0,21.0,90.0
25670,183.0,24.0,79.0
25686,183.0,22.0,73.0
25686,183.0,25.0,73.0
25686,183.0,25.0,73.0
25694,190.0,26.0,70.0
26135,176.0,21.0,70.0
26135,176.0,21.0,70.0
26135,176.0,21.0,70.0
26375,166.0,23.0,66.0
26375,166.0,31.0,66.0
26509,186.0,22.0,76.0
26509,186.0,26.0,76.0
26835,188.0,34.0,116.0
26975,193.0,28.0,90.0
27183,183.0,27.0,93.0
27232,175.0,33.0,67.0
27323,185.0,22.0,106.0
27366,175.0,30.0,62.0
27381,182.0,21.0,76.0
27966,183.0,28.0,76.0
27978,192.0,31.0,115.0
28124,190.0,29.0,72.0
28428,176.0,22.0,64.0
28539,178.0,25.0,69.0
28539,178.0,25.0,69.0
28539,178.0,29.0,69.0
28539,178.0,29.0,69.0
28811,175.0,22.0,80.0
28811,175.0,22.0,80.0
28819,188.0,22.0,72.0
28834,186.0,22.0,70.0
29164,173.0,31.0,67.0
29233,187.0,21.0,87.0
29366,180.0,27.0,74.0
29473,183.0,26.0,74.0
29655,180.0,23.0,65.0
29947,183.0,25.0,73.0
29966,187.0,27.0,83.0
30097,196.0,22.0,83.0
30097,196.0,26.0,83.0
30123,175.0,27.0,75.0
30123,175.0,32.0,75.0
30402,181.0,23.0,81.0
30642,180.0,23.0,73.0
30661,195.0,23.0,79.0
31001,186.0,24.0,90.0
31122,168.0,28.0,56.0
31205,186.0,24.0,81.0
31487,182.0,30.0,73.0
31487,182.0,34.0,73.0
31498,185.0,21.0,82.0
31636,188.0,23.0,77.0
31890,176.0,29.0,58.0
31890,176.0,29.0,58.0
31940,180.0,23.0,61.0
32217,190.0,29.0,95.0
32339,181.0,22.0,68.0
32352,181.0,25.0,67.0
32482,183.0,27.0,87.0
32862,188.0,21.0,69.0
32964,184.0,28.0,73.0
33177,175.0,24.0,64.0
33421,179.0,22.0,70.0
33438,183.0,17.0,66.0
33457,180.0,21.0,78.0
33507,187.0,21.0,64.0
33547,180.0,30.0,71.0
33597,184.0,20.0,82.0
33598,182.0,20.0,79.0
34012,175.0,29.0,58.0
34012,175.0,33.0,58.0
34151,172.0,24.0,64.0
34208,175.0,20.0,78.0
34638,177.0,23.0,72.0
34814,175.0,27.0,60.0
35268,167.0,30.0,67.0
36062,185.0,23.0,72.0
36356,199.0,18.0,78.0
36415,178.0,28.0,68.0
36424,190.0,25.0,84.0
36669,183.0,21.0,68.0
36880,170.0,29.0,67.0
36933,180.0,24.0,73.0
36933,180.0,28.0,73.0
36994,173.0,21.0,67.0
36996,183.0,21.0,82.0
37026,177.0,24.0,64.0
37083,182.0,37.0,75.0
37733,164.0,25.0,72.0
38037,184.0,25.0,82.0
38252,172.0,30.0,60.0
38252,172.0,30.0,60.0
38508,189.0,24.0,79.0
38590,177.0,26.0,71.0
38712,181.0,26.0,83.0
38730,176.0,28.0,75.0
38737,186.0,29.0,70.0
38753,193.0,20.0,94.0
38764,175.0,30.0,64.0
39015,189.0,22.0,83.0
39029,181.0,22.0,69.0
39035,186.0,22.0,80.0
39035,186.0,22.0,80.0
39035,186.0,34.0,80.0
39156,187.0,25.0,76.0
39163,191.0,22.0,75.0
39288,180.0,22.0,58.0
39290,171.0,22.0,56.0
39291,165.0,27.0,56.0
39390,177.0,23.0,73.0
39472,174.0,25.0,74.0
39508,190.0,25.0,83.0
39944,176.0,36.0,66.0
40155,184.0,25.0,78.0
40677,173.0,19.0,67.0
40969,193.0,24.0,129.0
40969,193.0,28.0,129.0
41133,176.0,26.0,78.0
41634,175.0,32.0,64.0
41788,184.0,25.0,104.0
41788,184.0,34.0,104.0
41810,179.0,23.0,83.0
41888,170.0,33.0,63.0
41952,188.0,22.0,77.0
42158,191.0,24.0,81.0
42211,178.0,20.0,70.0
42293,182.0,24.0,71.0
42296,178.0,22.0,72.0
42296,178.0,26.0,72.0
42533,191.0,32.0,75.0
42662,173.0,23.0,69.0
42662,173.0,23.0,69.0
42668,183.0,25.0,70.0
42668,183.0,29.0,70.0
42669,176.0,26.0,80.0
43065,175.0,24.0,65.0
43490,172.0,25.0,83.0
43949,200.0,27.0,128.0
44091,175.0,29.0,64.0
44201,183.0,21.0,68.0
44473,186.0,20.0,72.0
44473,186.0,25.0,72.0
44935,178.0,27.0,62.0
44993,183.0,22.0,75.0
45004,183.0,21.0,75.0
45314,189.0,23.0,70.0
45391,180.0,20.0,75.0
45590,187.0,29.0,105.0
45709,183.0,23.0,75.0
45819,184.0,31.0,72.0
45967,196.0,28.0,96.0
45972,178.0,22.0,77.0
46056,183.0,26.0,110.0
46094,176.0,24.0,73.0
46159,183.0,18.0,77.0
46180,185.0,22.0,83.0
46180,185.0,22.0,83.0
46193,188.0,22.0,80.0
46193,188.0,26.0,80.0
46251,178.0,23.0,69.0
46275,207.0,26.0,120.0
46277,201.0,27.0,126.0
46370,182.0,23.0,71.0
46370,182.0,23.0,71.0
46638,185.0,26.0,79.0
46638,185.0,26.0,79.0
47299,195.0,22.0,93.0
47464,160.0,24.0,72.0
47515,187.0,24.0,72.0
47515,187.0,28.0,72.0
47518,200.0,31.0,84.0
47664,189.0,28.0,81.0
47664,189.0,28.0,81.0
47692,185.0,27.0,72.0
48076,179.0,25.0,74.0
48117,176.0,23.0,64.0
48143,185.0,33.0,82.0
48174,191.0,24.0,80.0
48484,179.0,28.0,67.0
48536,181.0,23.0,70.0
48560,186.0,24.0,77.0
48599,186.0,22.0,75.0
48689,180.0,22.0,82.0
48696,183.0,22.0,81.0
48701,200.0,26.0,102.0
48823,174.0,24.0,65.0
48851,176.0,24.0,62.0
49109,182.0,34.0,147.0
49204,185.0,24.0,71.0
49328,182.0,24.0,90.0
49448,181.0,28.0,71.0
49611,178.0,24.0,77.0
49611,178.0,28.0,77.0
49611,178.0,36.0,77.0
49626,183.0,22.0,78.0
49708,183.0,25.0,70.0
49812,187.0,26.0,82.0
50310,185.0,25.0,78.0
50834,190.0,30.0,82.0
51403,168.0,22.0,57.0
51460,183.0,28.0,77.0
51469,181.0,26.0,83.0
51632,197.0,29.0,89.0
51708,173.0,25.0,68.0
52040,188.0,28.0,77.0
52716,186.0,21.0,75.0
52755,164.0,27.0,56.0
52899,171.0,42.0,62.0
53094,173.0,25.0,69.0
53098,182.0,21.0,75.0
53478,170.0,20.0,72.0
53492,180.0,23.0,66.0
53493,181.0,20.0,70.0
53825,178.0,30.0,67.0
53904,182.0,27.0,75.0
54094,175.0,24.0,65.0
54164,183.0,22.0,75.0
54269,186.0,22.0,74.0
54273,190.0,20.0,82.0
54297,188.0,26.0,88.0
54652,180.0,24.0,77.0
54697,180.0,21.0,75.0
54919,170.0,29.0,71.0
55323,178.0,25.0,70.0
55335,177.0,22.0,75.0
55335,177.0,22.0,75.0
55361,176.0,23.0,66.0
55396,180.0,21.0,70.0
55420,185.0,26.0,86.0
55422,178.0,48.0,60.0
55430,183.0,24.0,77.0
55430,183.0,28.0,77.0
55444,190.0,21.0,91.0
55444,190.0,25.0,91.0
55667,180.0,22.0,76.0
55685,183.0,18.0,77.0
55688,180.0,26.0,75.0
56170,190.0,25.0,84.0
56308,195.0,21.0,85.0
56327,185.0,27.0,72.0
56989,182.0,23.0,72.0
57104,180.0,28.0,73.0
57263,176.0,30.0,75.0
57275,184.0,23.0,73.0
57280,196.0,33.0,125.0
57370,197.0,29.0,125.0
57573,181.0,27.0,62.0
57714,198.0,23.0,98.0
57773,165.0,30.0,54.0
57856,184.0,23.0,88.0
57950,177.0,24.0,68.0
58067,183.0,24.0,76.0
58067,183.0,24.0,76.0
58251,183.0,24.0,79.0
58283,176.0,29.0,66.0
58366,166.0,26.0,45.0
58405,166.0,29.0,56.0
58429,173.0,28.0,66.0
58429,173.0,32.0,66.0
58429,173.0,32.0,66.0
58444,196.0,26.0,86.0
58614,167.0,22.0,52.0
58614,167.0,30.0,52.0
58788,178.0,21.0,66.0
59323,196.0,24.0,124.0
60401,167.0,27.0,58.0
60449,184.0,22.0,73.0
60492,180.0,20.0,64.0
60514,185.0,21.0,91.0
60514,185.0,26.0,91.0
60589,167.0,19.0,57.0
60589,167.0,31.0,57.0
60594,182.0,27.0,63.0
60610,190.0,19.0,63.0
60623,175.0,19.0,55.0
60623,175.0,23.0,55.0
60624,167.0,21.0,58.0
60628,175.0,24.0,60.0
60686,178.0,32.0,66.0
60756,176.0,22.0,63.0
60779,177.0,30.0,62.0
60790,175.0,20.0,68.0
60833,178.0,32.0,63.0
60835,188.0,24.0,115.0
60939,172.0,17.0,60.0
60941,186.0,26.0,77.0
61238,185.0,35.0,103.0
61403,192.0,26.0,82.0
61457,178.0,20.0,71.0
61878,170.0,22.0,60.0
61935,170.0,22.0,60.0
62104,176.0,28.0,80.0
62308,196.0,32.0,125.0
62790,172.0,24.0,64.0
62932,168.0,32.0,60.0
62932,168.0,32.0,60.0
62932,168.0,36.0,60.0
62948,175.0,25.0,68.0
63438,178.0,25.0,80.0
63807,186.0,23.0,94.0
64019,180.0,24.0,70.0
64019,180.0,27.0,70.0
64029,180.0,20.0,73.0
64151,189.0,27.0,90.0
64342,190.0,30.0,93.0
64425,194.0,30.0,125.0
64469,172.0,31.0,59.0
64700,183.0,21.0,73.0
64793,190.0,21.0,98.0
64805,184.0,26.0,82.0
64805,184.0,30.0,82.0
64805,184.0,34.0,82.0
65181,170.0,21.0,72.0
65286,172.0,29.0,72.0
65542,194.0,21.0,89.0
65568,185.0,23.0,125.0
65654,185.0,26.0,73.0
65789,187.0,21.0,84.0
65789,187.0,25.0,84.0
65854,173.0,25.0,58.0
65854,173.0,29.0,58.0
66002,164.0,27.0,55.0
66192,178.0,31.0,63.0
66200,172.0,21.0,70.0
66349,185.0,28.0,81.0
66358,182.0,26.0,69.0
66747,186.0,30.0,77.0
66790,183.0,30.0,65.0
66916,178.0,24.0,70.0
66916,178.0,24.0,70.0
67076,186.0,23.0,76.0
67172,193.0,27.0,114.0
67233,177.0,25.0,71.0
67307,175.0,23.0,76.0
67589,182.0,21.0,65.0
67640,183.0,30.0,74.0
67787,167.0,27.0,56.0
68394,183.0,26.0,75.0
68525,176.0,24.0,68.0
68610,190.0,22.0,74.0
69209,170.0,25.0,72.0
69210,188.0,23.0,80.0
69210,188.0,23.0,80.0
69210,188.0,27.0,80.0
69210,188.0,27.0,80.0
69210,188.0,27.0,80.0
69210,188.0,35.0,80.0
69259,188.0,19.0,84.0
69259,188.0,23.0,84.0
69693,182.0,25.0,74.0
69854,175.0,26.0,67.0
70201,174.0,27.0,66.0
70310,179.0,21.0,69.0
70477,168.0,23.0,62.0
70477,168.0,27.0,62.0
70532,183.0,27.0,78.0
70538,180.0,22.0,106.0
70538,180.0,30.0,106.0
70785,178.0,28.0,59.0
70785,178.0,37.0,59.0
70785,178.0,40.0,59.0
70827,167.0,28.0,63.0
71196,193.0,20.0,118.0
71196,193.0,24.0,118.0
71237,175.0,30.0,57.0
71298,167.0,29.0,55.0
71298,167.0,37.0,55.0
71719,189.0,26.0,99.0
71757,186.0,20.0,83.0
71969,192.0,23.0,80.0
72116,176.0,20.0,64.0
72278,181.0,27.0,73.0
72337,190.0,22.0,75.0
72379,181.0,25.0,72.0
72466,180.0,25.0,90.0
72466,180.0,29.0,90.0
72466,180.0,33.0,90.0
72770,178.0,26.0,61.0
73021,187.0,31.0,81.0
73383,165.0,26.0,53.0
73555,182.0,25.0,81.0
73758,204.0,30.0,142.0
73810,184.0,29.0,98.0
73817,192.0,27.0,100.0
73857,170.0,28.0,67.0
74084,182.0,25.0,68.0
74084,182.0,29.0,68.0
74090,180.0,21.0,73.0
74452,171.0,26.0,74.0
74489,193.0,23.0,86.0
74659,165.0,27.0,57.0
75189,185.0,23.0,76.0
75388,178.0,24.0,75.0
75388,178.0,24.0,75.0
75633,178.0,26.0,66.0
75753,176.0,26.0,69.0
75783,183.0,29.0,77.0
75800,185.0,29.0,132.0
76200,165.0,26.0,51.0
76386,183.0,27.0,81.0
76409,190.0,17.0,92.0
76409,190.0,21.0,92.0
76433,178.0,24.0,76.0
76433,178.0,28.0,76.0
76533,188.0,22.0,89.0
76533,188.0,22.0,89.0
76534,200.0,19.0,120.0
76534,200.0,23.0,120.0
76682,188.0,26.0,84.0
76960,188.0,26.0,81.0
77030,176.0,22.0,74.0
77152,193.0,33.0,130.0
77391,183.0,22.0,78.0
77405,178.0,25.0,72.0
77470,183.0,21.0,85.0
77519,183.0,32.0,75.0
77654,183.0,20.0,77.0
77654,183.0,20.0,77.0
77680,185.0,26.0,72.0
77680,185.0,30.0,72.0
77680,185.0,30.0,72.0
77680,185.0,30.0,72.0
77761,181.0,30.0,70.0
77818,180.0,32.0,63.0
77877,180.0,24.0,68.0
77950,181.0,22.0,72.0
77950,181.0,26.0,72.0
78149,192.0,22.0,101.0
78347,190.0,23.0,75.0
78347,190.0,27.0,75.0
78347,190.0,31.0,75.0
78746,180.0,20.0,73.0
78746,180.0,28.0,73.0
78834,175.0,25.0,63.0
78962,188.0,27.0,72.0
78964,191.0,22.0,86.0
78964,191.0,22.0,86.0
78964,191.0,30.0,86.0
78964,191.0,30.0,86.0
79272,175.0,22.0,55.0
79596,183.0,38.0,73.0
79608,178.0,32.0,69.0
79871,179.0,22.0,77.0
79880,168.0,27.0,68.0
79915,183.0,25.0,79.0
79928,180.0,21.0,67.0
79970,180.0,26.0,68.0
80066,170.0,27.0,56.0
80066,170.0,31.0,56.0
80204,178.0,21.0,85.0
80399,175.0,26.0,70.0
80399,175.0,26.0,70.0
80419,185.0,25.0,79.0
80428,183.0,25.0,71.0
80831,175.0,30.0,70.0
81060,190.0,23.0,76.0
81550,178.0,21.0,73.0
81550,178.0,25.0,73.0
81596,188.0,26.0,79.0
81638,185.0,22.0,77.0
81759,183.0,25.0,75.0
81789,181.0,20.0,73.0
81861,175.0,26.0,60.0
81914,172.0,24.0,76.0
82245,180.0,27.0,75.0
82268,178.0,25.0,70.0
82302,186.0,21.0,75.0
82302,186.0,21.0,75.0
82302,186.0,21.0,75.0
82416,186.0,20.0,72.0
82541,173.0,23.0,72.0
82709,196.0,27.0,120.0
82984,171.0,23.0,62.0
83080,180.0,29.0,74.0
83305,185.0,27.0,80.0
83313,188.0,34.0,73.0
83502,187.0,37.0,96.0
83514,180.0,21.0,68.0
83742,187.0,23.0,73.0
83775,160.0,24.0,55.0
83925,186.0,32.0,82.0
84850,187.0,34.0,120.0
85183,183.0,25.0,120.0
85183,183.0,29.0,120.0
85257,184.0,30.0,82.0
85257,184.0,34.0,82.0
85513,177.0,23.0,83.0
85535,193.0,24.0,77.0
85535,193.0,24.0,77.0
85554,191.0,21.0,82.0
85673,182.0,21.0,68.0
85698,178.0,26.0,62.0
85913,190.0,23.0,102.0
85913,190.0,27.0,102.0
86161,180.0,25.0,66.0
86600,174.0,28.0,63.0
86823,184.0,30.0,84.0
86915,184.0,28.0,73.0
86970,184.0,22.0,62.0
87235,196.0,27.0,128.0
87460,182.0,27.0,74.0
87629,177.0,21.0,69.0
87674,190.0,20.0,111.0
87674,190.0,24.0,111.0
87787,195.0,25.0,79.0
88018,177.0,25.0,70.0
88073,192.0,20.0,125.0
88073,192.0,23.0,125.0
88073,192.0,32.0,125.0
88745,178.0,31.0,80.0
88748,191.0,26.0,93.0
88881,184.0,27.0,142.0
88955,192.0,24.0,73.0
89221,170.0,27.0,64.0
89301,191.0,22.0,85.0
89483,185.0,21.0,73.0
90010,186.0,28.0,95.0
90013,191.0,34.0,90.0
90034,179.0,24.0,67.0
90101,173.0,23.0,68.0
90192,183.0,24.0,70.0
90192,183.0,24.0,70.0
90331,184.0,21.0,74.0
90922,184.0,31.0,72.0
91361,196.0,22.0,90.0
91787,188.0,30.0,116.0
91871,183.0,24.0,72.0
92136,185.0,23.0,72.0
92691,174.0,31.0,66.0
92710,176.0,27.0,66.0
92971,193.0,23.0,93.0
93329,167.0,22.0,60.0
93365,172.0,31.0,72.0
94122,180.0,25.0,80.0
94235,174.0,38.0,64.0
94343,177.0,24.0,67.0
94459,188.0,29.0,84.0
94469,185.0,26.0,73.0
94650,175.0,27.0,68.0
94696,185.0,29.0,84.0
94777,190.0,21.0,76.0
95110,172.0,25.0,65.0
95110,172.0,29.0,65.0
95140,188.0,25.0,65.0
95426,181.0,26.0,64.0
95602,171.0,21.0,63.0
95683,183.0,27.0,73.0
96301,190.0,22.0,73.0
96302,193.0,20.0,74.0
96614,191.0,33.0,93.0
96625,188.0,37.0,110.0
96628,188.0,24.0,77.0
96628,188.0,28.0,77.0
96644,170.0,32.0,63.0
97151,187.0,21.0,83.0
97270,182.0,24.0,71.0
97388,190.0,23.0,88.0
97661,175.0,24.0,68.0
97822,175.0,25.0,70.0
97822,175.0,29.0,70.0
97832,183.0,28.0,65.0
97925,180.0,22.0,74.0
98143,180.0,20.0,61.0
98650,178.0,20.0,66.0
99139,190.0,26.0,105.0
99139,190.0,34.0,105.0
99354,178.0,25.0,64.0
99727,173.0,27.0,61.0
99753,180.0,31.0,65.0
99753,180.0,34.0,65.0
99895,173.0,21.0,67.0
100097,184.0,20.0,80.0
100254,193.0,24.0,84.0
100254,193.0,24.0,84.0
100317,178.0,25.0,68.0
100317,178.0,25.0,68.0
100388,190.0,27.0,95.0
100464,174.0,19.0,63.0
100480,178.0,22.0,75.0
100480,178.0,30.0,75.0
100653,190.0,24.0,75.0
100682,199.0,29.0,110.0
100682,199.0,33.0,110.0
100730,187.0,33.0,112.0
101290,173.0,23.0,68.0
101290,173.0,23.0,68.0
101292,188.0,27.0,82.0
101412,188.0,24.0,74.0
101474,178.0,22.0,64.0
101483,191.0,21.0,80.0
101577,185.0,22.0,79.0
101594,188.0,23.0,78.0
102024,192.0,24.0,92.0
102421,162.0,21.0,54.0
103041,183.0,25.0,68.0
103124,185.0,25.0,71.0
103273,180.0,23.0,76.0
103274,190.0,23.0,76.0
103274,190.0,27.0,76.0
103597,174.0,24.0,68.0
103672,183.0,28.0,90.0
103686,188.0,25.0,92.0
103792,176.0,26.0,70.0
103864,167.0,29.0,55.0
104098,193.0,23.0,112.0
104586,183.0,25.0,70.0
104592,180.0,31.0,64.0
105113,174.0,23.0,70.0
105164,178.0,26.0,64.0
105164,178.0,34.0,64.0
105393,191.0,26.0,82.0
105429,188.0,26.0,78.0
105457,187.0,23.0,84.0
105640,173.0,18.0,58.0
106265,184.0,22.0,95.0
106561,188.0,21.0,80.0
106726,200.0,23.0,93.0
106908,177.0,25.0,69.0
107033,187.0,18.0,82.0
107033,187.0,26.0,82.0
107077,183.0,24.0,100.0
107151,199.0,22.0,115.0
107617,184.0,27.0,66.0
107643,193.0,28.0,110.0
107643,193.0,32.0,110.0
107842,201.0,28.0,83.0
108072,183.0,25.0,80.0
108227,179.0,23.0,67.0
108738,176.0,22.0,63.0
109018,174.0,26.0,68.0
109034,185.0,27.0,87.0
109331,178.0,23.0,73.0
109360,186.0,27.0,80.0
109410,178.0,25.0,73.0
109634,187.0,23.0,83.0
109824,183.0,22.0,75.0
109997,178.0,24.0,61.0
109997,178.0,28.0,61.0
110125,181.0,28.0,67.0
110213,190.0,23.0,84.0
110260,185.0,21.0,106.0
110260,185.0,25.0,106.0
110260,185.0,33.0,106.0
110388,168.0,21.0,58.0
110388,168.0,25.0,58.0
110475,198.0,23.0,83.0
110477,177.0,21.0,80.0
110477,177.0,25.0,80.0
110647,189.0,24.0,81.0
110729,183.0,25.0,80.0
110868,186.0,28.0,76.0
111505,200.0,19.0,84.0
111505,200.0,23.0,84.0
111540,180.0,26.0,68.0
111695,186.0,26.0,128.0
111948,174.0,25.0,62.0
112011,178.0,30.0,76.0
112036,180.0,30.0,72.0
112207,178.0,27.0,69.0
112238,180.0,20.0,72.0
112269,187.0,28.0,79.0
112331,188.0,23.0,73.0
112403,185.0,23.0,70.0
112418,191.0,24.0,84.0
112440,173.0,28.0,73.0
112543,179.0,25.0,80.0
112772,168.0,22.0,53.0
112800,171.0,29.0,63.0
112880,175.0,33.0,63.0
112966,165.0,26.0,73.0
113459,168.0,26.0,72.0
113472,185.0,18.0,81.0
113752,177.0,24.0,71.0
113753,187.0,22.0,76.0
114307,187.0,28.0,79.0
114323,190.0,19.0,84.0
114565,180.0,19.0,68.0
114588,182.0,23.0,78.0
114604,180.0,25.0,73.0
114611,185.0,28.0,80.0
114710,180.0,21.0,71.0
114822,174.0,23.0,64.0
115148,178.0,23.0,65.0
115171,178.0,19.0,73.0
115470,197.0,18.0,81.0
115470,197.0,22.0,81.0
115486,184.0,38.0,110.0
115509,198.0,21.0,117.0
115697,182.0,26.0,62.0
115992,191.0,23.0,123.0
116102,181.0,20.0,68.0
116102,181.0,24.0,68.0
116191,178.0,28.0,68.0
116295,179.0,28.0,76.0
116295,179.0,32.0,76.0
116331,175.0,22.0,63.0
117552,184.0,25.0,77.0
117552,184.0,29.0,77.0
118133,178.0,23.0,58.0
118133,178.0,27.0,58.0
118133,178.0,31.0,58.0
118215,191.0,23.0,120.0
118220,196.0,31.0,120.0
118509,168.0,25.0,47.0
118510,183.0,28.0,70.0
118633,193.0,26.0,75.0
118780,188.0,28.0,80.0
118855,188.0,21.0,84.0
118855,188.0,29.0,84.0
118855,188.0,33.0,84.0
118870,188.0,22.0,81.0
118870,188.0,26.0,81.0
118937,183.0,23.0,80.0
118937,183.0,23.0,80.0
119106,186.0,20.0,78.0
119147,174.0,23.0,62.0
119147,174.0,23.0,62.0
119229,186.0,22.0,78.0
119268,182.0,27.0,62.0
119268,182.0,31.0,62.0
119667,193.0,22.0,78.0
119676,187.0,22.0,84.0
119808,196.0,19.0,88.0
119808,196.0,23.0,88.0
119898,184.0,21.0,92.0
119898,184.0,25.0,92.0
119900,168.0,27.0,55.0
119943,182.0,24.0,78.0
119949,188.0,23.0,80.0
119949,188.0,27.0,80.0
119961,183.0,27.0,89.0
120054,188.0,26.0,90.0
120134,158.0,25.0,45.0
120385,194.0,25.0,118.0
120441,180.0,21.0,76.0
120562,184.0,26.0,80.0
120750,178.0,25.0,72.0
120780,181.0,24.0,59.0
120781,167.0,25.0,60.0
121078,187.0,29.0,87.0
121356,193.0,32.0,125.0
121580,180.0,21.0,72.0
121637,188.0,25.0,84.0
121660,191.0,25.0,80.0
121660,191.0,29.0,80.0
122374,163.0,24.0,54.0
122393,180.0,23.0,75.0
122439,188.0,30.0,92.0
122581,188.0,27.0,82.0
122606,188.0,24.0,72.0
122609,175.0,24.0,72.0
122666,179.0,30.0,66.0
123034,203.0,28.0,120.0
123088,185.0,18.0,82.0
123088,185.0,22.0,82.0
123155,182.0,18.0,76.0
123205,192.0,26.0,67.0
123288,178.0,26.0,74.0
123628,175.0,21.0,68.0
123648,190.0,25.0,73.0
124002,186.0,21.0,80.0
124013,172.0,28.0,66.0
124089,185.0,23.0,78.0
124089,185.0,27.0,78.0
124241,191.0,22.0,76.0
124241,191.0,22.0,76.0
125325,189.0,27.0,140.0
125359,184.0,24.0,64.0
125422,188.0,22.0,102.0
125730,175.0,28.0,70.0
125943,173.0,25.0,70.0
126277,188.0,31.0,77.0
126301,188.0,20.0,83.0
126475,181.0,24.0,73.0
126777,180.0,23.0,60.0
126777,180.0,23.0,60.0
126777,180.0,26.0,60.0
126777,180.0,26.0,60.0
126950,193.0,26.0,126.0
127190,184.0,20.0,74.0
127553,186.0,25.0,88.0
127580,178.0,34.0,68.0
127973,175.0,26.0,58.0
128007,186.0,24.0,65.0
128033,183.0,19.0,90.0
128039,191.0,22.0,89.0
128112,183.0,24.0,74.0
128283,185.0,24.0,120.0
128646,180.0,20.0,62.0
128646,180.0,24.0,62.0
128675,163.0,21.0,51.0
128757,188.0,20.0,71.0
128757,188.0,24.0,71.0
128757,188.0,24.0,71.0
128773,185.0,26.0,83.0
128997,184.0,24.0,83.0
129022,190.0,22.0,88.0
129022,190.0,22.0,88.0
129329,176.0,29.0,63.0
129329,176.0,32.0,63.0
129338,175.0,18.0,71.0
129356,200.0,22.0,120.0
129523,183.0,28.0,86.0
129523,183.0,28.0,86.0
129659,193.0,24.0,93.0
129704,191.0,29.0,86.0
129759,200.0,21.0,82.0
129943,187.0,21.0,76.0
130043,180.0,27.0,71.0
130059,185.0,23.0,76.0
130059,185.0,23.0,76.0
130059,185.0,23.0,76.0
130059,185.0,27.0,76.0
130471,193.0,25.0,115.0
130471,193.0,33.0,115.0
130565,178.0,28.0,68.0
130582,175.0,25.0,72.0
130657,178.0,22.0,69.0
130695,185.0,22.0,75.0
130704,183.0,22.0,81.0
130704,183.0,26.0,81.0
130714,187.0,21.0,77.0
130734,183.0,25.0,68.0
130734,183.0,33.0,68.0
131029,194.0,28.0,77.0
131029,194.0,32.0,77.0
131230,175.0,27.0,60.0
131283,170.0,36.0,54.0
131283,170.0,40.0,54.0
131331,178.0,19.0,70.0
131336,176.0,26.0,88.0
131541,188.0,25.0,136.0
131609,181.0,23.0,77.0
131638,183.0,22.0,66.0
131847,173.0,24.0,70.0
132276,177.0,24.0,70.0
132469,180.0,27.0,80.0
132774,175.0,21.0,56.0
132785,185.0,21.0,75.0
132960,162.0,28.0,53.0
132960,162.0,36.0,53.0
133194,195.0,23.0,93.0
133202,190.0,19.0,79.0
133205,175.0,31.0,67.0
133219,194.0,25.0,82.0
133222,178.0,25.0,67.0
133222,178.0,29.0,67.0
133512,175.0,30.0,75.0
134003,172.0,23.0,69.0
134080,182.0,29.0,72.0
134080,182.0,29.0,72.0
134278,185.0,22.0,86.0
134278,185.0,26.0,86.0
134278,185.0,30.0,86.0
134948,173.0,28.0,69.0
135095,192.0,24.0,120.0
135164,186.0,23.0,88.0
135409,175.0,20.0,62.0
135544,175.0,21.0,70.0
